Year,Pairing,Fandom,Type,Works
2013,Sherlock Holmes/John Watson ,Sherlock (TV),M/M,20415
2013,Castiel/Dean Winchester ,Supernatural,M/M,15307
2013,Derek Hale/Stiles Stilinski ,Teen Wolf (TV),M/M,15162
2013,Dean Winchester/Sam Winchester ,Supernatural,M/M,7959
2013,Merlin/Arthur Pendragon ,Merlin (TV),M/M,7838
2013,Rodney McKay/John Sheppard ,Stargate Atlantis,M/M,7021
2013,Harry Styles/Louis Tomlinson ,One Direction (Band),M/M,6809
2013,Steve Rogers/Tony Stark ,The Avengers (Marvel Movies),M/M,6681
2013,Jim Ellison/Blair Sandburg ,The Sentinel,M/M,6660
2013,Draco Malfoy/Harry Potter ,Harry Potter,M/M,6107
2013,Clark Kent/Lex Luthor ,Smallville,M/M,5879
2013,Blaine Anderson/Kurt Hummel ,Glee,M/M,5483
2013,Sherlock Holmes & John Watson ,Sherlock (TV),Gen,5072
2013,Erik Lehnsherr/Charles Xavier ,X,M/M,5017
2013,Steve McGarrett/Danny “Danno” Williams ,Hawaii Five,M/M,4989
2013,Jensen Ackles/Jared Padalecki ,Supernatural RPF,M/M,4721
2013,Merlin/Arthur Pendragon (Merlin) ,Merlin (TV),M/M,4075
2013,Jack Harkness/Ianto Jones ,Torchwood,M/M,3796
2013,Clint Barton/Phil Coulson ,The Avengers (Marvel Movies),M/M,3721
2013,Arthur/Eames (Inception) ,Inception (2010),M/M,3645
2013,Sirius Black/Remus Lupin ,Harry Potter,M/M,3334
2013,James T. Kirk/Leonard McCoy ,Star Trek: Alternate Original Series (Movies),M/M,3140
2013,Enjolras/Grantaire ,Les Misérables,M/M,3041
2013,Clint Barton/Natasha Romanov ,The Avengers (Marvel Movies),F/M,3017
2013,James T. Kirk/Spock ,Star Trek: Alternate Original Series (Movies),M/M,2995
2013,Harry Potter/Severus Snape ,Harry Potter,M/M,2930
2013,Loki/Thor ,Thor (Movies),M/M,2921
2013,Allison Argent/Scott McCall ,Teen Wolf (TV),F/M,2855
2013,Gabriel/Sam Winchester ,Supernatural,M/M,2730
2013,Benton Fraser/Ray Kowalski ,due South,M/M,2624
2013,Frank/Gerard ,My Chemical Romance,M/M,2593
2013,Pepper Potts/Tony Stark ,The Avengers (Marvel Movies),F/M,2475
2013,Daniel Jackson/Jack O'Neill ,Stargate SG,M/M,2436
2013,Frank Iero/Gerard Way ,My Chemical Romance,M/M,2414
2013,Zayn Malik/Liam Payne ,One Direction (Band),M/M,2301
2013,Mycroft Holmes/Lestrade ,Sherlock (TV),M/M,2281
2013,Loki/Tony Stark ,The Avengers (Marvel Movies),M/M,2209
2013,John Egbert/Dave Strider ,Homestuck,M/M,2200
2013,Bilbo Baggins/Thorin Oakenshield ,The Hobbit,M/M,1973
2013,The Doctor/River Song ,Doctor Who (2005),F/M,1925
2013,Hermione Granger/Ron Weasley ,Harry Potter,F/M,1845
2013,Spike/Buffy Summers ,Buffy the Vampire Slayer,F/M,1840
2013,James Bond/Q ,Skyfall (2012),M/M,1750
2013,Adam Lambert/Tommy Ratliff ,Adam Lambert (Musician),M/M,1746
2013,Sam Carter/Jack O'Neill ,Stargate SG,F/M,1716
2013,Eleventh Doctor/River Song ,Doctor Who (2005),F/M,1701
2013,Belle/Rumpelstiltskin | Mr. Gold ,Once Upon a Time (TV),F/M,1628
2013,Mycroft Holmes/Greg Lestrade ,Sherlock (TV),M/M,1555
2013,Bruce Banner/Tony Stark ,The Avengers (Marvel Movies),M/M,1554
2013,Kris Allen/Adam Lambert ,American Idol RPF,M/M,1550
2013,Lydia Martin/Jackson Whittemore ,Teen Wolf (TV),F/M,1539
2013,Sebastian Moran/Jim Moriarty ,Sherlock (TV),M/M,1516
2013,Katniss Everdeen/Peeta Mellark ,Hunger Games Trilogy,F/M,1432
2013,Harry Potter/Ginny Weasley ,Harry Potter,F/M,1380
2013,Anthony DiNozzo/Jethro Gibbs ,NCIS,M/M,1362
2013,Hermione Granger/Draco Malfoy ,Harry Potter,F/M,1345
2013,Santana Lopez/Brittany S. Pierce ,Glee,F/F,1344
2013,Brian Kinney/Justin Taylor ,Queer as Folk (US),M/M,1316
2013,Tenth Doctor/Rose Tyler ,Doctor Who (2005),F/M,1294
2013,Niall Horan/Zayn Malik ,One Direction (Band),M/M,1291
2013,Will Graham/Hannibal Lecter ,Hannibal (TV),M/M,1287
2013,Rose Lalonde/Kanaya Maryam ,Homestuck,F/F,1261
2013,Jane Foster/Thor ,The Avengers (Marvel Movies),F/M,1243
2013,Isaac Lahey/Scott McCall ,Teen Wolf (TV),M/M,1205
2013,Xander Harris/Spike ,Buffy the Vampire Slayer,M/M,1133
2013,Greg House/James Wilson ,House M.D.,M/M,1126
2013,Amy Pond/Rory Williams ,Doctor Who (2005),F/M,1123
2013,Vernon Boyd/Erica Reyes ,Teen Wolf (TV),F/M,1080
2013,William Bodie/Ray Doyle ,The Professionals,M/M,1078
2013,Mike Ross/Harvey Specter ,Suits (TV),M/M,1072
2013,Dean Winchester & Sam Winchester ,Supernatural,Gen,1067
2013,Lily Evans Potter/James Potter ,Harry Potter,F/M,1049
2013,Niall Horan/Harry Styles ,One Direction (Band),M/M,1037
2013,John Egbert/Karkat Vantas ,Homestuck,M/M,1032
2013,Edward Cullen/Bella Swan ,Twilight Series,F/M,1027
2013," James ""Bucky"" Barnes/Steve Rogers  ",Captain America (Movies),M/M,1016
2013,Spock/Nyota Uhura ,Star Trek: Alternate Original Series (Movies),F/M,1016
2013,Regina Mills/Emma Swan ,Once Upon a Time (TV),F/F,1005
2013,Jake English/Dirk Strider ,Homestuck,M/M,1001
2013,Jessica Moore/Sam Winchester ,Supernatural,F/M,993
2013,Remus Lupin/Severus Snape ,Harry Potter,M/M,971
2013,Mary Morstan/John Watson ,Sherlock (TV),F/M,954
2013,Hermione Granger/Severus Snape ,Harry Potter,F/M,950
2013,Clark Kent/Bruce Wayne ,DCU (Comics),M/M,923
2013,Fili/Kili ,The Hobbit,M/M,918
2013,Agron/Nasir ,Spartacus Series (TV),M/M,890
2013,Spencer Smith/Brendon Urie ,Panic! at the Disco,M/M,889
2013,America (Hetalia)/England (Hetalia) ,Hetalia: Axis Powers,M/M,886
2013,Rachel Berry/Quinn Fabray ,Glee,F/F,878
2013,Patrick Stump/Pete Wentz ,Fall Out Boy,M/M,877
2013,Tim Drake/Kon,El ,M/M,872
2013,Kurt Hummel/Noah Puckerman ,Glee,M/M,839
2013,Castiel/Sam Winchester ,Supernatural,M/M,827
2013,Gwen/Arthur Pendragon (Merlin) ,Merlin (TV),F/M,822
2013,Uchiha Sasuke/Uzumaki Naruto ,Naruto,M/M,819
2013,Dave Strider/Karkat Vantas ,Homestuck,M/M,814
2013,Ryan Ross/Brendon Urie ,Panic! at the Disco,M/M,809
2013,Liam Payne/Louis Tomlinson ,One Direction (Band),M/M,801
2013,Ian Gallagher/Mickey Milkovich ,Shameless (US),M/M,796
2013,Lucifer/Sam Winchester ,Supernatural,M/M,791
2013,Courfeyrac/Jean Prouvaire ,Les Misérables,M/M,782
2013,Tim Drake/Jason Todd ,DCU (Comics),M/M,755
2013,Cosette Fauchelevent/Marius Pontmercy ,Les Misérables,F/M,750
2013,Sherlock Holmes/Molly Hooper ,Sherlock (TV),F/M,748
2013,Frodo Baggins/Sam Gamgee ,The Lord of the Rings,M/M,742
2013,Castiel & Dean Winchester ,Supernatural,Gen,732
2013,Chris Pine/Zachary Quinto ,Star Trek RPF,M/M,730
2013,Hatake Kakashi/Umino Iruka ,Naruto,M/M,728
2013,Peter Burke/Neal Caffrey ,White Collar,M/M,725
2013,Zayn Malik/Harry Styles ,One Direction (Band),M/M,724
2013,John Sheppard/Elizabeth Weir ,Stargate Atlantis,F/M,710
2013,Angel/Buffy Summers ,Buffy the Vampire Slayer,F/M,708
2013,Patrick Kane/Jonathan Toews ,Hockey RPF,M/M,706
2013,Edward Elric/Roy Mustang ,Fullmetal Alchemist,M/M,704
2013,Elizabeth Burke/Peter Burke/Neal Caffrey ,White Collar,Other,693
2013,Fox Mulder/Dana Scully ,The X,F/M,690
2013,Kate Beckett/Richard Castle ,Castle,F/M,689
2013,Terezi Pyrope/Karkat Vantas ,Homestuck,F/M,683
2013,Ken Hutchinson/David Starsky ,Starsky & Hutch,M/M,677
2013,Brad Colbert/Nate Fick ,Generation Kill,M/M,675
2013,Gamzee Makara/Tavros Nitram ,Homestuck,M/M,673
2013,Sauli Koskinen/Adam Lambert ,Adam Lambert (Musician),M/M,671
2013,Harry Potter/Ron Weasley ,Harry Potter,M/M,663
2013,Kurt Hummel/David Karofsky ,Glee,M/M,662
2013,Duncan MacLeod/Methos ,Highlander: The Series,M/M,657
2013,Qui,Gon Jinn/Obi,M/M,656
2013,Derek Morgan/Spencer Reid ,Criminal Minds,M/M,651
2013,Teddy Altman/Billy Kaplan ,Young Avengers,M/M,651
2013,Jade Harley/Dave Strider ,Homestuck,F/M,637
2013,Eridan Ampora/Sollux Captor ,Homestuck,M/M,631
2013,Female Shepard/Garrus Vakarian ,Mass Effect,F/M,627
2013,Arya Stark/Gendry Waters ,A Song of Ice and Fire,F/M,609
2013,Harold Finch/John Reese ,Person of Interest (TV),M/M,609
2013,Niall Horan/Liam Payne ,One Direction (Band),M/M,609
2013,William Adama/Laura Roslin ,Battlestar Galactica (2003),F/M,604
2013,Gene Hunt/Sam Tyler ,Life on Mars (UK),M/M,601
2013,Lizzie Bennet/William Darcy ,Lizzie Bennet Diaries,F/M,599
2013,Tenth Doctor (duplicate)/Rose Tyler ,Doctor Who (2005),F/M,596
2013,Aziraphale/Crowley ,Good Omens,M/M,593
2013,Aaron Hotchner/Spencer Reid ,Criminal Minds,M/M,590
2013,Bradley James/Colin Morgan ,Merlin (TV),M/M,588
2013,Lee Adama/Kara Thrace ,Battlestar Galactica (2003),F/M,572
2013,Angel/Spike ,Angel: the Series,M/M,569
2013,Sean Bean/Viggo Mortensen ,Lord of the Rings RPF,M/M,569
2013,Peter Hale/Stiles Stilinski ,Teen Wolf (TV),M/M,562
2013,Kaidan Alenko/Male Shepard ,Mass Effect,M/M,560
2013,Clark Kent/Lois Lane ,Smallville,F/M,551
2013,Sandor Clegane/Sansa Stark ,A Song of Ice and Fire,F/M,549
2013,Kurt Hummel/Sebastian Smythe ,Glee,M/M,548
2013,Edward Elric/Winry Rockbell ,Fullmetal Alchemist,F/M,547
2013,Sheldon Cooper/Penny ,The Big Bang Theory (TV),F/M,542
2013,Alex Kingston/Matt Smith ,Doctor Who RPF,F/M,540
2013,Axel/Roxas ,Kingdom Hearts,M/M,537
2013,Duo Maxwell/Heero Yuy ,Gundam Wing,M/M,527
2013,Akanishi Jin/Kamenashi Kazuya ,KAT,M/M,525
2013,Javert/Jean Valjean ,Les Misérables,M/M,525
2013,Zayn Malik/Louis Tomlinson ,One Direction (Band),M/M,519
2013,Ninth Doctor/Rose Tyler ,Doctor Who (2005),F/M,515
2013,Dick Grayson/Bruce Wayne ,Batman (Comics),M/M,511
2013,Rachel Berry/Finn Hudson ,Glee,F/M,509
2013,Pavel Chekov/Hikaru Sulu ,Star Trek: Alternate Original Series (Movies),M/M,505
2014,Sherlock Holmes/John Watson,Sherlock (TV),M/M,32111
2014,Castiel/Dean Winchester,Supernatural,M/M,28851
2014,Derek Hale/Stiles Stilinski,Teen Wolf (TV),M/M,26793
2014,Harry Styles/Louis Tomlinson,One Direction (Band),M/M,14632
2014,Dean Winchester/Sam Winchester,Supernatural,M/M,11074
2014,Merlin/Arthur Pendragon,Merlin (TV),M/M,11006
2014,Draco Malfoy/Harry Potter,Harry Potter,M/M,9196
2014,Steve Rogers/Tony Stark,The Avengers (Marvel Movies),M/M,9193
2014,Sherlock Holmes & John Watson,Sherlock (TV),Gen,8413
2014,Blaine Anderson/Kurt Hummel,Glee,M/M,8250
2014,Rodney McKay/John Sheppard,Stargate Atlantis,M/M,8106
2014,Jim Ellison/Blair Sandburg,The Sentinel,M/M,7041
2014,Erik Lehnsherr/Charles Xavier,Men: First Class (2011),M/M,6472
2014,Jensen Ackles/Jared Padalecki,Supernatural,M/M,6457
2014,Clark Kent/Lex Luthor,Smallville,M/M,6120
2014," Steve McGarrett/Danny ""Danno"" Williams ",Hawaii Five,M/M,5868
2014,Clint Barton/Phil Coulson,The Avengers (Marvel Movies),M/M,5840
2014,Enjolras/Grantaire,Les Misérables,M/M,5504
2014,James T. Kirk/Spock,Star Trek: Alternate Original Series (Movies),M/M,5119
2014,Jack Harkness/Ianto Jones,Torchwood,M/M,5026
2014,James T. Kirk/Leonard McCoy,Star Trek: Alternate Original Series (Movies),M/M,4795
2014," James ""Bucky"" Barnes/Steve Rogers ",Captain America (Movies),M/M,4614
2014,Allison Argent/Scott McCall,Teen Wolf (TV),F/M,4600
2014,Harry Potter/Severus Snape,Harry Potter,M/M,4540
2014,Clint Barton/Natasha Romanov,The Avengers (Marvel Movies),F/M,4518
2014,Loki/Thor,Thor (Movies),M/M,4494
2014,Zayn Malik/Liam Payne,One Direction (Band),M/M,4462
2014,Gabriel/Sam Winchester,Supernatural,M/M,4288
2014,Arthur/Eames (Inception),Inception (2010),M/M,4164
2014,Sirius Black/Remus Lupin,Harry Potter,M/M,4144
2014,Pepper Potts/Tony Stark,The Avengers (Marvel Movies),F/M,3876
2014,Loki/Tony Stark,The Avengers (Marvel Movies),M/M,3782
2014,Levi/Eren Yeager,Shingeki no Kyojin | Attack on Titan,M/M,3598
2014,Bilbo Baggins/Thorin Oakenshield,The Hobbit,M/M,3446
2014,Frank Iero/Gerard Way,My Chemical Romance,M/M,3408
2014,Will Graham/Hannibal Lecter,Hannibal (TV),M/M,3217
2014,Mycroft Holmes/Greg Lestrade,Sherlock (TV),M/M,3000
2014,John Egbert/Dave Strider,Homestuck,M/M,2938
2014,Ian Gallagher/Mickey Milkovich,Shameless (US),M/M,2930
2014,Benton Fraser/Ray Kowalski,due South,M/M,2839
2014,Daniel Jackson/Jack O'Neill,Stargate SG,M/M,2805
2014,Hermione Granger/Ron Weasley,Harry Potter,F/M,2677
2014,Belle/Rumplestiltskin | Mr. Gold,Once Upon a Time (TV),F/M,2614
2014,James Bond/Q,Skyfall (2012),M/M,2560
2014,Mary Morstan/John Watson,Sherlock (TV),F/M,2535
2014,Tenth Doctor/Rose Tyler,Doctor Who (2005),F/M,2514
2014,Carlos/Cecil Palmer,Welcome to Night Vale,M/M,2464
2014,Eleventh Doctor/River Song,Doctor Who (2005),F/M,2393
2014,Niall Horan/Zayn Malik,One Direction (Band),M/M,2386
2014,Lydia Martin/Jackson Whittemore,Teen Wolf (TV),F/M,2372
2014,Evil Queen | Regina Mills/Emma Swan,Once Upon a Time (TV),F/F,2359
2014,Katniss Everdeen/Peeta Mellark,Hunger Games Trilogy,F/M,2280
2014,Niall Horan/Harry Styles,One Direction (Band),M/M,2264
2014,Spike/Buffy Summers,Buffy the Vampire Slayer,F/M,2232
2014,Sherlock Holmes/Molly Hooper,Sherlock (TV),F/M,2196
2014,Sebastian Moran/Jim Moriarty,Sherlock (TV),M/M,2188
2014,Marco Bott/Jean Kirstein,Shingeki no Kyojin | Attack on Titan,M/M,2186
2014,Sam Carter/Jack O'Neill,Stargate SG,F/M,2185
2014,Jane Foster/Thor,The Avengers (Marvel Movies),F/M,2158
2014,Bruce Banner/Tony Stark,The Avengers (Marvel Movies),M/M,2129
2014,Isaac Lahey/Scott McCall,Teen Wolf (TV),M/M,2060
2014,Vernon Boyd/Erica Reyes,Teen Wolf (TV),F/M,1995
2014,Harry Potter/Ginny Weasley,Harry Potter,F/M,1958
2014,Dean Winchester & Sam Winchester,Supernatural,Gen,1944
2014,Adam Lambert/Tommy Ratliff,Adam Lambert (Musician),M/M,1934
2014,Jessica Moore/Sam Winchester,Supernatural,F/M,1885
2014,Rose Lalonde/Kanaya Maryam,Homestuck,F/F,1838
2014,Hermione Granger/Draco Malfoy,Harry Potter,F/M,1834
2014,Oliver Queen/Felicity Smoak,Arrow (TV 2012),F/M,1823
2014,Anthony DiNozzo/Jethro Gibbs,NCIS,M/M,1693
2014,Castiel & Dean Winchester,Supernatural,Gen,1640
2014,Kris Allen/Adam Lambert,American Idol RPF,M/M,1637
2014,Santana Lopez/Brittany S. Pierce,Glee,F/F,1613
2014,Brian Kinney/Justin Taylor,Queer as Folk (US),M/M,1598
2014,Gavin Free/Michael Jones,Rooster Teeth/Achievement Hunter RPF,M/M,1598
2014,Captain Hook | Killian Jones/Emma Swan,Once Upon a Time (TV),F/M,1551
2014,Amy Pond/Rory Williams,Doctor Who (2005),F/M,1528
2014,Jake English/Dirk Strider,Homestuck,M/M,1523
2014,Liam Payne/Louis Tomlinson,One Direction (Band),M/M,1486
2014,Fili/Kili,The Hobbit,M/M,1480
2014,America (Hetalia)/England (Hetalia),Hetalia: Axis Powers,M/M,1450
2014,William Bodie/Ray Doyle,The Professionals,M/M,1391
2014,Levi/Erwin Smith,Shingeki no Kyojin | Attack on Titan,M/M,1390
2014,Castiel/Sam Winchester,Supernatural,M/M,1387
2014,Zayn Malik/Harry Styles,One Direction (Band),M/M,1375
2014,Xander Harris/Spike,Buffy the Vampire Slayer,M/M,1371
2014,James Potter/Lily Evans Potter,Harry Potter,F/M,1366
2014,Remus Lupin/Severus Snape,Harry Potter,M/M,1366
2014,Patrick Stump/Pete Wentz,Fall Out Boy,M/M,1354
2014,Patrick Kane/Jonathan Toews,Hockey RPF,M/M,1348
2014,Dave Strider/Karkat Vantas,Homestuck,M/M,1335
2014,Spock/Nyota Uhura,Star Trek: Alternate Original Series (Movies),F/M,1330
2014,Lucifer/Sam Winchester,Supernatural,M/M,1329
2014,John Egbert/Karkat Vantas,Homestuck,M/M,1328
2014,Peter Hale/Stiles Stilinski,Teen Wolf (TV),M/M,1313
2014,Mike Ross/Harvey Specter,Suits (TV),M/M,1308
2014,Greg House/James Wilson,House M.D.,M/M,1281
2014,Niall Horan/Liam Payne,One Direction (Band),M/M,1280
2014,Newton Geiszler/Hermann Gottlieb,Pacific Rim (2013),M/M,1277
2014,Scott McCall/Stiles Stilinski,Teen Wolf (TV),M/M,1250
2015,Castiel/Dean Winchester,Supernatural,M/M,43209
2015,Sherlock Holmes/John Watson,Sherlock (TV),M/M,39374
2015,Derek Hale/Stiles Stilinski,Teen Wolf (TV),M/M,34999
2015,Harry Styles/Louis Tomlinson,One Direction (Band),M/M,21658
2015,Dean Winchester/Sam Winchester,Supernatural,M/M,14677
2015,Merlin/Arthur Pendragon,Merlin (TV),M/M,13337
2015,James "Bucky" Barnes/Steve Rogers,Captain America (Movies),M/M,12337
2015,Steve Rogers/Tony Stark,The Avengers (Marvel Movies),M/M,11999
2015,Draco Malfoy/Harry Potter,Harry Potter,M/M,11552
2015,Blaine Anderson/Kurt Hummel,Glee,M/M,10911
2015,Sherlock Holmes & John Watson,Sherlock (TV),Gen,10524
2015,Rodney McKay/John Sheppard,Stargate Atlantis,M/M,8548
2015,Erik Lehnsherr/Charles Xavier,X-Men: First Class (2011),M/M,8544
2015,Jensen Ackles/Jared Padalecki,Supernatural RPF,M/M,7751
2015,Clint Barton/Phil Coulson,The Avengers (Marvel Movies),M/M,7484
2015,Levi/Eren Yeager,Attack on Titan,M/M,7207
2015,Enjolras/Grantaire,Les Misérables,M/M,6838
2015,Clint Barton/Natasha Romanov,The Avengers (Marvel Movies),F/M,6751
2015,Zayn Malik/Liam Payne,One Direction (Band),M/M,6665
2015,Steve McGarrett/Danny "Danno" Williams,Hawaii Five-0 (2010),M/M,6534
2015,Gabriel/Sam Winchester,Supernatural,M/M,6325
2015,James T. Kirk/Spock,Star Trek: Alternate Original Series (Movies),M/M,6247
2015,Jim Ellison/Blair Sandburg,The Sentinel,M/M,6090
2015,Bilbo Baggins/Thorin Oakenshield,The Hobbit,M/M,6086
2015,Ian Gallagher/Mickey Milkovich,Shameless (US),M/M,5908
2015,Harry Potter/Severus Snape,Harry Potter,M/M,5812
2015,Jack Harkness/Ianto Jones,Torchwood,M/M,5689
2015,Loki/Thor,Thor (Movies),M/M,5653
2015,Allison Argent/Scott McCall,Teen Wolf (TV),F/M,5645
2015,Sirius Black/Remus Lupin,Harry Potter,M/M,5462
2015,Pepper Potts/Tony Stark,The Avengers (Marvel Movies),F/M,5446
2015,James T. Kirk/Leonard McCoy,Star Trek: Alternate Original Series (Movies),M/M,5440
2015,Clark Kent/Lex Luthor,Smallville,M/M,5270
2015,Mycroft Holmes/Lestrade,Sherlock (TV),M/M,4988
2015,Loki/Tony Stark,The Avengers (Marvel Movies),M/M,4935
2015,Frank Iero/Gerard Way,My Chemical Romance,M/M,4902
2015,Oliver Queen/Felicity Smoak,Arrow (TV 2012),F/M,4864
2015,Arthur/Eames (Inception),Inception (2010),M/M,4676
2015,Will Graham/Hannibal Lecter,Hannibal (TV),M/M,4626
2015,Regina Mills/Emma Swan,Once Upon a Time (TV),F/F,4594
2015,Marco Bott/Jean Kirstein,Attack on Titan,F/M,4156
2015,Belle/Rumplestiltskin,Once Upon a Time (TV),F/M,3817
2015,Sherlock Holmes/Molly Hooper,Sherlock (TV),F/M,3790
2015,Killian Jones/Emma Swan,Once Upon a Time (TV),F/M,3681
2015,Bellamy Blake/Clarke Griffin,The 100 (TV),F/M,3637
2015,John Egbert/Dave Strider,Homestuck,M/M,3601
2015,Hermione Granger/Ron Weasley,Harry Potter,F/M,3541
2015,Mary Morstan/John Watson,Sherlock (TV),F/M,3501
2015,Tenth Doctor/Rose Tyler,Doctor Who (2005),F/M,3426
2015,Carlos/Cecil Palmer,Welcome to Night Vale,M/M,3351
2015,Niall Horan/Zayn Malik,One Direction (Band),M/M,3297
2015,Niall Horan/Harry Styles,One Direction (Band),M/M,3294
2015,Jane Foster/Thor,The Avengers (Marvel Movies),F/M,3217
2015,Castiel & Dean Winchester,Supernatural,Gen,3190
2015,Daniel Jackson/Jack O'Neill,Stargate SG-1,M/M,3180
2015,Katniss Everdeen/Peeta Mellark,Hunger Games Trilogy,F/M,3148
2015,James Bond/Q,Skyfall (2012),M/M,3140
2015,Sebastian Moran/James Moriarty,Sherlock (TV),M/M,3048
2015,Benton Fraser/Ray Kowalski,due South,M/M,3027
2015,Jessica Moore/Sam Winchester,Supernatural,F/M,2961
2015,Lydia Martin/Jackson Whittemore,Teen Wolf (TV),F/M,2926
2015,Dean Winchester & Sam Winchester,Supernatural,Gen,2914
2015,Inquisitor/Cullen Rutherford,Dragon Age: Inquisition,Other,2894
2015,Bruce Banner/Tony Stark,The Avengers (Marvel Movies),M/M,2784
2015,Eleventh Doctor/River Song,Doctor Who (2005),F/M,2715
2015,Levi/Erwin Smith,Attack on Titan,M/M,2694
2015,Vernon Boyd/Erica Reyes,Teen Wolf (TV),F/M,2692
2015,Harry Potter/Ginny Weasley,Harry Potter,F/M,2691
2015,Nanase Haruka/Tachibana Makoto,Free!,M/M,2600
2015,Sam Carter/Jack O'Neill,Stargate SG-1,F/M,2566
2015,Spike/Buffy Summers,Buffy the Vampire Slayer,F/M,2545
2015,Rose Lalonde/Kanaya Maryam,Homestuck,F/F,2505
2015,Hermione Granger/Draco Malfoy,Harry Potter,F/M,2472
2015,Gavin Free/Michael Jones,Rooster Teeth/Achievement Hunter RPF,M/M,2468
2015,Isaac Lahey/Scott McCall,Teen Wolf (TV),M/M,2462
2015,Laura Hollis/Carmilla Karnstein,Carmilla (Web Series),F/F,2429
2015,America (Hetalia)/England (Hetalia),Hetalia: Axis Powers,M/M,2427
2015,Peter Hale/Stiles Stilinski,Teen Wolf (TV),M/M,2366
2015,Patrick Stump/Pete Wentz,Fall Out Boy,M/M,2330
2015,Brian Kinney/Justin Taylor,Queer as Folk (US),M/M,2227
2015,Dan Howell/Phil Lester,Phandom/The Fantastic Foursome (YouTube RPF),M/M,2203
2015,Castiel/Sam Winchester,Supernatural,M/M,2118
2015,James Potter/Lily Evans Potter,Harry Potter,F/M,2092
2015,Hinata Shouyou/Kageyama Tobio,Haikyuu!!,M/M,2085
2015,Liam Payne/Louis Tomlinson,One Direction (Band),M/M,2080
2015,Zayn Malik/Harry Styles,One Direction (Band),M/M,2028
2015,Jake English/Dirk Strider,Homestuck,M/M,2024
2015,Lydia Martin/Stiles Stilinski,Teen Wolf (TV),F/M,2022
2015,Anthony DiNozzo/Jethro Gibbs,NCIS,M/M,2021
2015,Scott McCall/Stiles Stilinski,Teen Wolf (TV),M/M,1996
2015,Kaidan Alenko/Shepard,Mass Effect,Other,1992
2015,James "Bucky" Barnes & Steve Rogers,Captain America (Movies),Gen,1969
2015,Dave Strider/Karkat Vantas,Homestuck,M/M,1957
2015,Adam Lambert/Tommy Ratliff,Adam Lambert (Musician),M/M,1951
2015,Uchiha Sasuke/Uzumaki Naruto,Naruto,M/M,1948
2015,Guinevere/Arthur Pendragon,Merlin (TV),F/M,1920
2015,Santana Lopez/Brittany S. Pierce,Glee,F/F,1899
2015,Matsuoka Rin/Nanase Haruka,Free!,M/M,1880
2015,Daisy Johnson/Grant Ward,Agents of S.H.I.E.L.D. (TV),F/M,1846
2015,Newton Geiszler/Hermann Gottlieb,Pacific Rim (2013),M/M,1819
2016,Castiel/Dean Winchester,Supernatural,M/M,56390
2016,Sherlock Holmes/John Watson,Sherlock (TV),M/M,46048
2016,Derek Hale/Stiles Stilinski,Teen Wolf (TV),M/M,42539
2016,Harry Styles/Louis Tomlinson,One Direction (Band),M/M,27354
2016,James "Bucky" Barnes/Steve Rogers,Captain America (Movies),M/M,21639
2016,Dean Winchester/Sam Winchester,Supernatural,M/M,18976
2016,Steve Rogers/Tony Stark,The Avengers (Marvel Movies),M/M,16414
2016,Merlin/Arthur Pendragon,Merlin (TV),M/M,15778
2016,Draco Malfoy/Harry Potter,Harry Potter,M/M,15190
2016,Blaine Anderson/Kurt Hummel,Glee,M/M,12943
2016,Sherlock Holmes & John Watson,Sherlock (TV),Gen,12484
2016,Erik Lehnsherr/Charles Xavier,X-Men (Alternate Timeline Movies),M/M,10365
2016,Levi/Eren Yeager,Attack on Titan,M/M,10116
2016,Rodney McKay/John Sheppard,Stargate Atlantis,M/M,9745
2016,Jensen Ackles/Jared Padalecki,Supernatural RPF,M/M,9636
2016,Clint Barton/Phil Coulson,The Avengers (Marvel Movies),M/M,8894
2016,Clint Barton/Natasha Romanov,The Avengers (Marvel Movies),F/M,8812
2016,Gabriel/Sam Winchester,Supernatural,M/M,8513
2016,Will Graham/Hannibal Lecter,Hannibal (TV),M/M,8488
2016,Zayn Malik/Liam Payne,One Direction (Band),M/M,8060
2016,Sirius Black/Remus Lupin,Harry Potter,M/M,8006
2016,Enjolras/Grantaire,Les Misérables,M/M,7907
2016,Bilbo Baggins/Thorin Oakenshield,The Hobbit,M/M,7719
2016,Oliver Queen/Felicity Smoak,Arrow (TV 2012),F/M,7665
2016,James T. Kirk/Spock,Star Trek: Alternate Original Series (Movies),M/M,7501
2016,Steve McGarrett/Danny "Danno" Williams,Hawaii Five-0 (2010),M/M,7484
2016,Regina Mills/Emma Swan,Once Upon a Time (TV),F/F,7239
2016,Ian Gallagher/Mickey Milkovich,Shameless (US),M/M,6885
2016,Pepper Potts/Tony Stark,The Avengers (Marvel Movies),F/M,6869
2016,Bellamy Blake/Clarke Griffin,The 100 (TV),F/M,6756
2016,Harry Potter/Severus Snape,Harry Potter,M/M,6751
2016,Frank Iero/Gerard Way,My Chemical Romance,M/M,6667
2016,Jack Harkness/Ianto Jones,Torchwood,M/M,6666
2016,Loki/Thor,Thor (Movies),M/M,6506
2016,Allison Argent/Scott McCall,Teen Wolf (TV),F/M,6471
2016,Dan Howell/Phil Lester,Phandom/The Fantastic Foursome (YouTube RPF),M/M,6465
2016,Killian Jones/Emma Swan,Once Upon a Time (TV),F/M,6406
2016,Jim Ellison/Blair Sandburg,The Sentinel,M/M,6250
2016,Clarke Griffin/Lexa,The 100 (TV),F/F,6049
2016,Mycroft Holmes/Lestrade,Sherlock (TV),M/M,6028
2016,James T. Kirk/Leonard McCoy,Star Trek: Alternate Original Series (Movies),M/M,5678
2016,Loki/Tony Stark,The Avengers (Marvel Movies),M/M,5639
2016,Belle/Rumplestiltskin,Once Upon a Time (TV),F/M,5530
2016,Clark Kent/Lex Luthor,Smallville,M/M,5511
2016,Arthur/Eames (Inception),Inception (2010),M/M,5490
2016,Inquisitor/Cullen Rutherford,Dragon Age: Inquisition,Other,5400
2016,Marco Bott/Jean Kirstein,Attack on Titan,M/M,5304
2016,Sherlock Holmes/Molly Hooper,Sherlock (TV),F/M,5172
2016,Castiel & Dean Winchester,Supernatural,Gen,4945
2016,Hermione Granger/Ron Weasley,Harry Potter,F/M,4792
2016,Hinata Shouyou/Kageyama Tobio,Haikyuu!!,M/M,4734
2016,Tenth Doctor/Rose Tyler,Doctor Who (2005),F/M,4709
2016,James Bond/Q,James Bond (Craig movies),M/M,4483
2016,Magnus Bane/Alec Lightwood,Mortal Instruments Series - Cassandra Clare,M/M,4346
2016,Iwaizumi Hajime/Oikawa Tooru,Haikyuu!!,M/M,4281
2016,Mary Morstan/John Watson,Sherlock (TV),F/M,4275
2016,Armitage Hux/Kylo Ren,Star Wars Episode VII: The Force Awakens (2015),M/M,4256
2016,John Egbert/Dave Strider,Homestuck,M/M,4184
2016,Dean Winchester & Sam Winchester,Supernatural,Gen,4163
2016,Laura Hollis/Carmilla Karnstein,Carmilla (Web Series),F/F,4101
2016,Niall Horan/Harry Styles,One Direction (Band),M/M,4023
2016,Jane Foster/Thor,The Avengers (Marvel Movies),F/M,4000
2016,Katniss Everdeen/Peeta Mellark,Hunger Games Trilogy,F/M,3976
2016,Patrick Stump/Pete Wentz,Fall Out Boy,M/M,3952
2016,James "Bucky" Barnes & Steve Rogers,Captain America (Movies),Gen,3893
2016,Jessica Moore/Sam Winchester,Supernatural,F/M,3893
2016,Carlos/Cecil Palmer,Welcome to Night Vale,M/M,3827
2016,Harry Potter/Ginny Weasley,Harry Potter,F/M,3719
2016,Adrien Agreste/Marinette Dupain-Cheng,Miraculous Ladybug,F/M,3712
2016,Niall Horan/Zayn Malik,One Direction (Band),M/M,3700
2016,Levi/Erwin Smith,Attack on Titan,M/M,3681
2016,Inquisitor/Solas,Dragon Age: Inquisition,Other,3667
2016,Leo Fitz/Jemma Simmons,Agents of S.H.I.E.L.D. (TV),F/M,3612
2016,Sebastian Moran/James Moriarty,Sherlock (TV),M/M,3526
2016,Daniel Jackson/Jack O'Neill,Stargate SG-1,M/M,3502
2016,Nanase Haruka/Tachibana Makoto,Free!,M/M,3499
2016,James Potter/Lily Evans Potter,Harry Potter,F/M,3442
2016,America (Hetalia)/England (Hetalia),Hetalia: Axis Powers,M/M,3374
2016,Bruce Banner/Tony Stark,The Avengers (Marvel Movies),M/M,3314
2016,Hermione Granger/Draco Malfoy,Harry Potter,F/M,3303
2016,Vernon Boyd/Erica Reyes,Teen Wolf (TV),F/M,3286
2016,Harry Hart/Gary "Eggsy" Unwin,Kingsman: The Secret Service (2015),M/M,3281
2016,Lydia Martin/Jackson Whittemore,Teen Wolf (TV),F/M,3280
2016,Benton Fraser/Ray Kowalski,due South,M/M,3269
2016,Peter Hale/Stiles Stilinski,Teen Wolf (TV),M/M,3264
2016,Rose Lalonde/Kanaya Maryam,Homestuck,F/F,3188
2016,Spike/Buffy Summers,Buffy the Vampire Slayer,F/M,3170
2016,Josh Dun/Tyler Joseph,Twenty One Pilots,M/M,3169
2016,Dave Strider/Karkat Vantas,Homestuck,M/M,3091
2016,Suga/Park Jimin,Bangtan Boys,M/M,3080
2016,Fenris/Hawke,Dragon Age II,Other,3054
2016,Eleventh Doctor/River Song,Doctor Who (2005),F/M,2956
2016,Lydia Martin/Stiles Stilinski,Teen Wolf (TV),F/M,2942
2016,Poe Dameron/Finn,Star Wars Episode VII: The Force Awakens (2015),M/M,2940
2016,Uchiha Sasuke/Uzumaki Naruto,Naruto,M/M,2931
2016,Gavin Free/Michael Jones,Rooster Teeth/Achievement Hunter/Funhaus RPF,M/M,2929
2016,Fox Mulder/Dana Scully,The X-Files,F/M,2882
2016,Sam Carter/Jack O'Neill,Stargate SG-1,F/M,2830
2016,Kaidan Alenko/Shepard,Mass Effect,Other,2792
2016,Alistair/Warden (Dragon Age),Dragon Age: Origins,Other,2769
2017,Castiel/Dean Winchester,Supernatural,M/M,66148
2017,Sherlock Holmes/John Watson,Sherlock (TV),M/M,52232
2017,Derek Hale/Stiles Stilinski,Teen Wolf (TV),M/M,47528
2017,Harry Styles/Louis Tomlinson,One Direction (Band),M/M,29338
2017,James "Bucky" Barnes/Steve Rogers,Captain America (Movies),M/M,27854
2017,Dean Winchester/Sam Winchester,Supernatural,M/M,22797
2017,Draco Malfoy/Harry Potter,Harry Potter,M/M,22402
2017,Steve Rogers/Tony Stark,The Avengers (Marvel Movies),M/M,19859
2017,Merlin/Arthur Pendragon,Merlin (TV),M/M,17565
2017,Sherlock Holmes & John Watson,Sherlock (TV),Gen,14453
2017,Blaine Anderson/Kurt Hummel,Glee,M/M,14059
2017,Katsuki Yuuri/Victor Nikiforov,Yuri!!! on Ice (Anime),M/M,13902
2017,Levi/Eren Yeager,Attack on Titan,M/M,11702
2017,Erik Lehnsherr/Charles Xavier,X-Men (Alternate Timeline Movies),M/M,11683
2017,Will Graham/Hannibal Lecter,Hannibal (TV),M/M,11262
2017,Jensen Ackles/Jared Padalecki,Supernatural RPF,M/M,11242
2017,Keith/Lance (Voltron),Voltron: Legendary Defender,M/M,10614
2017,Rodney McKay/John Sheppard,Stargate Atlantis,M/M,10445
2017,Sirius Black/Remus Lupin,Harry Potter,M/M,10137
2017,Gabriel/Sam Winchester,Supernatural,M/M,10060
2017,Dan Howell/Phil Lester,Phandom/The Fantastic Foursome (YouTube RPF),M/M,9938
2017,Magnus Bane/Alec Lightwood,Shadowhunters (TV),M/M,9734
2017,Clint Barton/Phil Coulson,The Avengers (Marvel Movies),M/M,9606
2017,Clint Barton/Natasha Romanov,The Avengers (Marvel Movies),F/M,9421
2017,Oliver Queen/Felicity Smoak,Arrow (TV 2012),F/M,9258
2017,James T. Kirk/Spock,Star Trek: Alternate Original Series (Movies),M/M,9127
2017,Regina Mills/Emma Swan,Once Upon a Time (TV),F/M,9071
2017,Harry Potter/Severus Snape,Harry Potter,M/M,8818
2017,Ian Gallagher/Mickey Milkovich,Shameless (US),M/M,8707
2017,Enjolras/Grantaire,Les Misérables,M/M,8701
2017,Steve McGarrett/Danny "Danno" Williams,Hawaii Five-0 (2010),M/M,8657
2017,Clarke Griffin/Lexa,The 100 (TV),F/F,8535
2017,Bellamy Blake/Clarke Griffin,The 100 (TV),F/M,8506
2017,Zayn Malik/Liam Payne,One Direction (Band),M/M,8481
2017,Bilbo Baggins/Thorin Oakenshield,The Hobbit,M/M,8305
2017,Killian Jones/Emma Swan,Once Upon a Time (TV),F/M,8061
2017,Armitage Hux/Ben Solo,Star Wars Episode VII: The Force Awakens (2015),M/M,8022
2017,Frank Iero/Gerard Way,My Chemical Romance,M/M,7823
2017,Pepper Potts/Tony Stark,The Avengers (Marvel Movies),F/M,7709
2017,Jack Harkness/Ianto Jones,Torchwood,M/M,7475
2017,Suga/Park Jimin,Bangtan Boys,M/M,7150
2017,Mycroft Holmes/Lestrade,Sherlock (TV),M/M,7125
2017,Belle/Rumplestiltskin,Once Upon a Time (TV),F/M,6985
2017,Iwaizumi Hajime/Oikawa Tooru,Haikyuu!!,M/M,6964
2017,Allison Argent/Scott McCall,Teen Wolf (TV),F/M,6937
2017,Jeon Jungkook/Kim Taehyung,Bangtan Boys,M/M,6832
2017,Loki/Thor,Thor (Movies),M/M,6740
2017,James T. Kirk/Leonard McCoy,Star Trek: Alternate Original Series (Movies),M/M,6598
2017,Sherlock Holmes/Molly Hooper,Sherlock (TV),F/M,6506
2017,Hermione Granger/Ron Weasley,Harry Potter,F/M,6490
2017,Jim Ellison/Blair Sandburg,The Sentinel,M/M,6446
2017,Castiel & Dean Winchester,Supernatural,Gen,6444
2017,Inquisitor/Cullen Rutherford,Dragon Age: Inquisition,Other,6405
2017,Hinata Shouyou/Kageyama Tobio,Haikyuu!!,M/M,6391
2017,Adrien Agreste/Marinette Dupain-Cheng,Miraculous Ladybug,F/M,6307
2017,Arthur/Eames (Inception),Inception (2010),M/M,6096
2017,Loki/Tony Stark,The Avengers (Marvel Movies),M/M,6091
2017,Josh Dun/Tyler Joseph,Twenty One Pilots,M/M,5886
2017,Marco Bott/Jean Kirstein,Attack on Titan,M/M,5746
2017,Clark Kent/Lex Luthor,Smallville,M/M,5630
2017,Tenth Doctor/Rose Tyler,Doctor Who (2005),F/M,5583
2017,James Bond/Q,James Bond (Craig movies),M/M,5267
2017,Dean Winchester & Sam Winchester,Supernatural,Gen,5249
2017,Rap Monster/Kim Seokjin,Bangtan Boys,M/M,5152
2017,Jeon Jungkook/Park Jimin,Bangtan Boys,M/M,5077
2017,James "Bucky" Barnes & Steve Rogers,Captain America (Movies),Gen,5021
2017,Harry Potter/Ginny Weasley,Harry Potter,F/M,4971
2017,Mary Morstan/John Watson,Sherlock (TV),F/M,4900
2017,Leo Fitz/Jemma Simmons,Agents of S.H.I.E.L.D. (TV),F/M,4863
2017,James Potter/Lily Evans Potter,Harry Potter,F/M,4842
2017,Laura Hollis/Carmilla Karnstein,Carmilla (Web Series),F/F,4729
2017,Patrick Stump/Pete Wentz,Fall Out Boy,M/M,4700
2017,Hermione Granger/Draco Malfoy,Harry Potter,F/M,4661
2017,Jessica Moore/Sam Winchester,Supernatural,F/M,4491
2017,Benton Fraser/Ray Kowalski,due South,M/M,4481
2017,John Egbert/Dave Strider,Homestuck,M/M,4463
2017,Inquisitor/Solas,Dragon Age: Inquisition,Other,4436
2017,Alexander Hamilton/John Laurens,Hamilton,M/M,4409
2017,Jane Foster/Thor,The Avengers (Marvel Movies),F/M,4350
2017,Katniss Everdeen/Peeta Mellark,Hunger Games Trilogy,F/M,4326
2017,Levi/Erwin Smith,Attack on Titan,M/M,4289
2017,Niall Horan/Harry Styles,One Direction (Band),M/M,4218
2017,Sawamura Daichi/Sugawara Koushi,Haikyuu!!,M/M,4164
2017,Harry Hart/Gary "Eggsy" Unwin,Kingsman: The Secret Service (2015),M/M,4121
2017,Fox Mulder/Dana Scully,The X-Files,F/M,4097
2017,Carlos/Cecil Palmer,Welcome to Night Vale,M/M,4053
2017,America (Hetalia)/England (Hetalia),Hetalia: Axis Powers,M/M,4030
2017,Dean Winchester/You,Supernatural,Other,4027
2017,Nanase Haruka/Tachibana Makoto,Free!,M/M,3964
2017,Uchiha Sasuke/Uzumaki Naruto,Naruto,M/M,3942
2017,Sebastian Moran/James Moriarty,Sherlock (TV),M/M,3926
2017,Peter Hale/Stiles Stilinski,Teen Wolf (TV),M/M,3900
2017,Akaashi Keiji/Bokuto Koutarou,Haikyuu!!,M/M,3888
2017,Poe Dameron/Finn,Star Wars Episode VII: The Force Awakens (2015),M/M,3888
2017,J-Hope/Min Yoongi,Bangtan Boys,M/M,3887
2017,Otabek Altin/Yuri Plisetsky,Yuri!!! on Ice (Anime),M/M,3852
2017,Niall Horan/Zayn Malik,One Direction (Band),M/M,3795
2017,Kara Danvers/Lena Luthor,Supergirl (TV 2015),F/F,3793
2017,Katsuki Yuuri & Victor Nikiforov,Yuri!!! on Ice (Anime),Gen,3782
2017,Peter Parker/Wade Wilson,Spider-Man - All Media Types,M/M,3770
2019,Castiel/Dean Winchester,Supernatural,M/M,79650
2019,Sherlock Holmes/John Watson,Sherlock (TV),M/M,59436
2019,Derek Hale/Stiles Stilinski,Teen Wolf (TV),M/M,56021
2019,"James ""Bucky"" Barnes/Steve Rogers",Captain America (Movies),M/M,43515
2019,Draco Malfoy/Harry Potter,Harry Potter,M/M,33110
2019,Harry Styles/Louis Tomlinson,One Direction (Band),M/M,32449
2019,Steve Rogers/Tony Stark,The Avengers (Marvel Movies),M/M,30700
2019,Keith/Lance (Voltron),Voltron: Legendary Defender,M/M,27848
2019,Dean Winchester/Sam Winchester,Supernatural,M/M,26287
2019,Katsuki Yuuri/Victor Nikiforov,Yuri!!! on Ice (Anime),M/M,22515
2019,Magnus Bane/Alec Lightwood,Shadowhunters (TV),M/M,21224
2019,Merlin/Arthur Pendragon,Merlin (TV),M/M,21068
2019,Jeon Jungkook/Kim Taehyung,Bangtan Boys,M/M,18118
2019,Suga/Park Jimin,Bangtan Boys,M/M,16849
2019,Sherlock Holmes & John Watson,Sherlock (TV),Gen,16630
2019,Dan Howell/Phil Lester,Phandom/The Fantastic Foursome (YouTube RPF),M/M,15554
2019,Blaine Anderson/Kurt Hummel,Glee,M/M,15245
2019,Will Graham/Hannibal Lecter,Hannibal (TV),M/M,15214
2019,Sirius Black/Remus Lupin,Harry Potter,M/M,14755
2019,Chat Noir/Marinette Dupain-Cheng,Miraculous Ladybug,F/M,14477
2019,Pepper Potts/Tony Stark,The Avengers (Marvel Movies),F/M,13847
2019,Levi/Eren Yeager,Attack on Titan,F/M,13567
2019,RM/Kim Seokjin,Bangtan Boys,M/M,13558
2019,Erik Lehnsherr/Charles Xavier,X-Men (Alternate Timeline Movies),M/M,13418
2019,Jeon Jungkook/Park Jimin,Bangtan Boys,M/M,13306
2019,Gabriel/Sam Winchester,Supernatural,M/M,12661
2019,Jensen Ackles/Jared Padalecki,Supernatural RPF,M/M,12647
2019,Armitage Hux/Ben Solo,Star Wars Sequel Trilogy,M/M,12275
2019,Rey/Ben Solo,Star Wars Sequel Trilogy,F/M,12260
2019,Keith/Shiro (Voltron),Voltron: Legendary Defender,M/M,12182
2019,Loki/Thor,Thor (Movies),M/M,11533
2019,Oliver Queen/Felicity Smoak,Arrow (TV 2012),F/M,11497
2019,Bellamy Blake/Clarke Griffin,The 100 (TV),F/M,11448
2019,Rodney McKay/John Sheppard,Stargate Atlantis,M/M,11406
2019,Regina Mills/Emma Swan,Once Upon a Time (TV),F/F,11388
2019,"Steve McGarrett/Danny ""Danno"" Williams",Hawaii Five-0 (2010),M/M,10901
2019,James T. Kirk/Spock,Star Trek: Alternate Original Series (Movies),M/M,10895
2019,Clarke Griffin/Lexa,The 100 (TV),F/F,10839
2019,Clint Barton/Natasha Romanov,The Avengers (Marvel Movies),F/M,10810
2019,Peter Parker & Tony Stark,Marvel Cinematic Universe,Gen,10639
2019,Harry Potter/Severus Snape,Harry Potter,M/M,10513
2019,J-Hope/Min Yoongi,Bangtan Boys,M/M,10433
2019,Clint Barton/Phil Coulson,The Avengers (Marvel Movies),M/M,10413
2019,Ian Gallagher/Mickey Milkovich,Shameless (US),M/M,10131
2019,Enjolras/Grantaire (Les Miserables),Les Misérables,M/M,9960
2019,Bakugou Katsuki/Midoriya Izuku,Boku no Hero Academia,M/M,9855
2019,Killian Jones/Emma Swan,Once Upon a Time (TV),F/M,9763
2019,Hermione Granger/Ron Weasley,Harry Potter,F/M,9574
2019,Mycroft Holmes/Lestrade,Sherlock (TV),M/M,9561
2019,Kara Danvers/Lena Luthor,Supergirl (TV 2015),F/F,9458
2019,Bilbo Baggins/Thorin Oakenshield,The Hobbit,M/M,9374
2019,Bakugou Katsuki/Kirishima Eijirou,Boku no Hero Academia,M/M,9309
2019,Midoriya Izuku/Todoroki Shouto,Boku no Hero Academia,M/M,9116
2019,Tenth Doctor/Rose Tyler,Doctor Who (2005),F/M,9081
2019,Frank Iero/Gerard Way,My Chemical Romance,M/M,9000
2019,Zayn Malik/Liam Payne,One Direction (Band),M/M,8906
2019,Iwaizumi Hajime/Oikawa Tooru,Haikyuu!!,M/M,8902
2019,Jack Harkness/Ianto Jones,Torchwood,M/M,8779
2019,Aziraphale/Crowley (Good Omens),Good Omens,M/M,8737
2019,Loki/Tony Stark,The Avengers (Marvel Movies),M/M,8520
2019,Castiel & Dean Winchester,Supernatural,Gen,8339
2019,Sherlock Holmes/Molly Hooper,Sherlock (TV),F/M,8301
2019,Belle/Rumplestiltskin,Once Upon a Time (TV),F/M,8280
2019,"James ""Bucky"" Barnes & Steve Rogers",Captain America (Movies),Gen,8088
2019,James Potter/Lily Evans Potter,Harry Potter,F/M,8029
2019,Hinata Shouyou/Kageyama Tobio,Haikyuu!!,M/M,7891
2019,Inquisitor/Cullen Rutherford,Dragon Age: Inquisition,Other,7694
2019,Fox Mulder/Dana Scully,The X-Files,F/M,7604
2019,Hermione Granger/Draco Malfoy,Harry Potter,F/M,7596
2019,Dean Winchester/You,Supernatural,Other,7457
2019,Jeon Jungkook/Min Yoongi,Bangtan Boys,M/M,7452
2019,Harry Potter/Ginny Weasley,Harry Potter,F/M,7441
2019,V/Park Jimin,Bangtan Boys,M/M,7401
2019,Allison Argent/Scott McCall,Teen Wolf (TV),F/M,7393
2019,"James T. Kirk/Leonard ""Bones"" McCoy",Star Trek: Alternate Original Series (Movies),M/M,7334
2019,Dean Winchester & Sam Winchester,Supernatural,Gen,7305
2019,Jim Ellison/Blair Sandburg,The Sentinel,M/M,7152
2019,Josh Dun/Tyler Joseph,Twenty One Pilots,M/M,7085
2019,Arthur/Eames (Inception),Inception (2010),M/M,7002
2019,Otabek Altin/Yuri Plisetsky,Yuri!!! on Ice (Anime),M/M,6351
2019,James Bond/Q,James Bond (Craig movies),M/M,6307
2019,Leo Fitz/Jemma Simmons,Agents of S.H.I.E.L.D. (TV),F/M,6234
2019,"James ""Bucky"" Barnes/Reader",Marvel Cinematic Universe,Other,6201
2019,Peter Parker/Wade Wilson,Spider-Man - All Media Types,M/M,6170
2019,Peter Hale/Stiles Stilinski,Teen Wolf (TV),M/M,6110
2019,Uchiha Sasuke/Uzumaki Naruto,Naruto,M/M,6104
2019,Marco Bott/Jean Kirstein,Attack on Titan,M/M,6024
2019,Clark Kent/Lex Luthor,Smallville,M/M,6015
2019,"James ""Bucky"" Barnes/Tony Stark",Marvel Cinematic Universe,M/M,5947
2019,Alexander Hamilton/John Laurens,Hamilton,M/M,5889
2019,Jesse McCree/Hanzo Shimada,Overwatch (Video Game),M/M,5831
2019,Patrick Stump/Pete Wentz,Fall Out Boy,M/M,5750
2019,Jon Snow/Sansa Stark,Game of Thrones (TV),F/M,5736
2019,Brian Kinney/Justin Taylor (Queer as Folk),Queer as Folk (US),M/M,5638
2019,V/Min Yoongi,Bangtan Boys,M/M,5546
2019,Aaron Dingle/Robert Sugden,Emmerdale,M/M,5471
2019,Mary Morstan/John Watson,Sherlock (TV),F/M,5470
2019,Poe Dameron/Finn,Star Wars Sequel Trilogy,M/M,5436
2019,Inquisitor/Solas (Dragon Age),Dragon Age: Inquisition,Other,5428
2019,America/England (Hetalia),Hetalia: Axis Powers,M/M,5301
2020,Castiel/Dean Winchester,Supernatural,M/M,84563
2020,Sherlock Holmes/John Watson,Sherlock (TV),M/M,61544
2020,Derek Hale/Stiles Stilinski,Teen Wolf (TV),M/M,59286
2020,"James ""Bucky"" Barnes/Steve Rogers",Captain America (Movies),M/M,49659
2020,Draco Malfoy/Harry Potter,Harry Potter,M/M,40312
2020,Steve Rogers/Tony Stark,The Avengers (Marvel Movies),M/M,36264
2020,Harry Styles/Louis Tomlinson,One Direction (Band),M/M,33126
2020,Keith/Lance (Voltron),Voltron: Legendary Defender,M/M,30317
2020,Aziraphale/Crowley (Good Omens),Good Omens,M/M,28208
2020,Dean Winchester/Sam Winchester,Supernatural,M/M,27696
2020,Magnus Bane/Alec Lightwood,Shadowhunters (TV),M/M,24787
2020,Katsuki Yuuri/Victor Nikiforov,Yuri!!! on Ice (Anime),M/M,24333
2020,Jeon Jungkook/Kim Taehyung,Bangtan Boys,M/M,23339
2020,Rey/Ben Solo,Star Wars Sequel Trilogy,F/M,21306
2020,Suga/Park Jimin,Bangtan Boys,M/M,19851
2020,Chat Noir/Marinette Dupain-Cheng,Miraculous Ladybug,F/M,19631
2020,Merlin/Arthur Pendragon (Merlin),Merlin (TV),M/M,18688
2020,Jeon Jungkook/Park Jimin,Bangtan Boys,M/M,17867
2020,Sirius Black/Remus Lupin,Harry Potter,M/M,17686
2020,Sherlock Holmes & John Watson,Sherlock (TV),Gen,17417
2020,Pepper Potts/Tony Stark,Marvel Cinematic Universe,F/M,17384
2020,Peter Parker & Tony Stark,Marvel Cinematic Universe,Gen,17366
2020,Dan Howell/Phil Lester,Phandom/The Fantastic Foursome (YouTube RPF),M/M,17316
2020,Will Graham/Hannibal Lecter,Hannibal (TV),M/M,17257
2020,Bakugou Katsuki/Midoriya Izuku,Boku no Hero Academia,M/M,16824
2020,RM/Kim Seokjin,Bangtan Boys,M/M,16682
2020,Blaine Anderson/Kurt Hummel,Glee,M/M,16175
2020,Bakugou Katsuki/Kirishima Eijirou,Boku no Hero Academia,M/M,15375
2020,Erik Lehnsherr/Charles Xavier,X-Men (Alternate Timeline Movies),M/M,14736
2020,Levi/Eren Yeager,Attack on Titan,M/M,14304
2020,Midoriya Izuku/Todoroki Shouto,Boku no Hero Academia,M/M,14073
2020,Keith/Shiro (Voltron),Voltron: Legendary Defender,M/M,13925
2020,Armitage Hux/Ben Solo,Star Wars Sequel Trilogy,M/M,13475
2020,Gabriel/Sam Winchester,Supernatural,M/M,13166
2020,Lan Wangji/Wei Ying,Mo Dao Zu Shi,M/M,13132
2020,Kara Danvers/Lena Luthor,Supergirl (TV 2015),F/F,13048
2020,Jensen Ackles/Jared Padalecki,Supernatural RPF,M/M,13046
2020,Loki/Thor (Marvel),Thor (Movies),M/M,12863
2020,Bellamy Blake/Clarke Griffin,The 100 (TV),F/M,12750
2020,J-Hope/Min Yoongi,Bangtan Boys,M/M,12668
2020,Regina Mills/Emma Swan,Once Upon a Time (TV),F/M,12286
2020,Eddie Kaspbrak/Richie Tozier,IT,M/M,12227
2020,James T. Kirk/Spock,Star Trek: Alternate Original Series (Movies),M/M,12015
2020,Rodney McKay/John Sheppard,Stargate Atlantis,M/M,11951
2020,"Steve McGarrett/Danny ""Danno"" Williams",Hawaii Five-0 (2010),M/M,11750
2020,Hermione Granger/Ron Weasley,Harry Potter,F/M,11700
2020,Clarke Griffin/Lexa,The 100 (TV),F/F,11651
2020,Harry Potter/Severus Snape,Harry Potter,M/M,11582
2020,Ian Gallagher/Mickey Milkovich,Shameless (US),M/M,11436
2020,Clint Barton/Natasha Romanov,The Avengers (Marvel Movies),F/M,11340
2020,Iwaizumi Hajime/Oikawa Tooru,Haikyuu!!,M/M,11155
2020,Oliver Queen/Felicity Smoak,Arrow (TV 2012),F/M,11147
2020,Clint Barton/Phil Coulson,The Avengers (Marvel Movies),M/M,10642
2020,Hinata Shouyou/Kageyama Tobio,Haikyuu!!,M/M,10486
2020,Mycroft Holmes/Lestrade,Sherlock (TV),M/M,10450
2020,Killian Jones/Emma Swan,Once Upon a Time (TV),F/M,10301
2020,Hermione Granger/Draco Malfoy,Harry Potter,F/M,10190
2020,James Potter/Lily Evans Potter,Harry Potter,F/M,10125
2020,V/Park Jimin,Bangtan Boys,M/M,9891
2020,Bilbo Baggins/Thorin Oakenshield,The Hobbit,M/M,9875
2020,Loki/Tony Stark,The Avengers (Marvel Movies),M/M,9781
2020,Jack Harkness/Ianto Jones,Torchwood,M/M,9666
2020,Frank Iero/Gerard Way,My Chemical Romance,M/M,9574
2020,Tenth Doctor/Rose Tyler,Doctor Who (2005),F/M,9568
2020,Jeon Jungkook/Min Yoongi,Bangtan Boys,M/M,9498
2020,"James ""Bucky"" Barnes & Steve Rogers",Captain America (Movies),Gen,9347
2020,Harry Potter/Ginny Weasley,Harry Potter,F/M,9269
2020,Castiel & Dean Winchester,Supernatural,Gen,9122
2020,Zayn Malik/Liam Payne,One Direction (Band),M/M,8967
2020,Fox Mulder/Dana Scully,The X-Files,F/M,8825
2020,Dean Winchester & Sam Winchester,Supernatural,Gen,8791
2020,Dazai Osamu/Nakahara Chuuya,Bungou Stray Dogs,M/M,8768
2020,Sherlock Holmes/Molly Hooper,Sherlock (TV),F/M,8560
2020,Inquisitor/Cullen Rutherford,Dragon Age: Inquisition,Other,8175
2020,Aziraphale & Crowley (Good Omens),Good Omens,Gen,7928
2020,Belle/Rumplestiltskin,Once Upon a Time (TV),F/M,7927
2020,"James T. Kirk/Leonard ""Bones"" McCoy",Star Trek: Alternate Original Series (Movies),M/M,7855
2020,"James ""Bucky"" Barnes/Reader",Marvel Cinematic Universe,Other,7724
2020,Uchiha Sasuke/Uzumaki Naruto,Naruto,M/M,7705
2020,Akaashi Keiji/Bokuto Koutarou,Haikyuu!!,M/M,7629
2020,Allison Argent/Scott McCall,Teen Wolf (TV),F/M,7592
2020,Geralt of Rivia/Jaskier,The Witcher (TV),M/M,7573
2020,Dean Winchester/You,Supernatural,Other,7555
2020,"James ""Bucky"" Barnes/Tony Stark",Marvel Cinematic Universe,M/M,7456
2020,Arthur/Eames (Inception),Inception (2010),M/M,7397
2020,Jim Ellison/Blair Sandburg,The Sentinel,M/M,7366
2020,Eraserhead/Yamada Hizashi,Boku no Hero Academia,M/M,7325
2020,Poe Dameron/Finn,Star Wars Sequel Trilogy,M/M,7239
2020,Peter Parker/Wade Wilson,Spider-Man - All Media Types,M/M,7206
2020,V/Min Yoongi,Bangtan Boys,M/M,7176
2020,Josh Dun/Tyler Joseph,Twenty One Pilots,M/M,7082
2020,Jaime Lannister/Brienne of Tarth,Game of Thrones (TV),F/M,7063
2020,Peter Hale/Stiles Stilinski,Teen Wolf (TV),M/M,7047
2020,Jon Snow/Sansa Stark,Game of Thrones (TV),F/M,6939
2020,James Bond/Q,James Bond (Craig movies),M/M,6897
2020,Otabek Altin/Yuri Plisetsky,Yuri!!! on Ice (Anime),M/M,6876
2020,Leo Fitz/Jemma Simmons,Agents of S.H.I.E.L.D. (TV),F/M,6824
2020,Byun Baekhyun/Park Chanyeol,EXO (Band),M/M,6630
2020,Rey/Ben Solo,Star Wars Sequel Trilogy,F/M,6506
2021,Castiel/Dean Winchester,Supernatural,M/M,96616
2021,Sherlock Holmes/John Watson,Sherlock (TV),M/M,64408
2021,Derek Hale/Stiles Stilinski,Teen Wolf (TV),M/M,62648
2021,"James ""Bucky"" Barnes/Steve Rogers",Captain America (Movies),M/M,55252
2021,Draco Malfoy/Harry Potter,Harry Potter,M/M,49245
2021,Steve Rogers/Tony Stark,The Avengers (Marvel Movies),M/M,40510
2021,Aziraphale/Crowley (Good Omens),Good Omens,M/M,36546
2021,Harry Styles/Louis Tomlinson,One Direction (Band),M/M,35365
2021,Keith/Lance (Voltron),Voltron: Legendary Defender,M/M,31707
2021,Dean Winchester/Sam Winchester,Supernatural,M/M,29526
2021,Jeon Jungkook/Kim Taehyung,Bangtan Boys,M/M,28479
2021,Magnus Bane/Alec Lightwood,Shadowhunters (TV),M/M,28086
2021,Rey/Ben Solo,Star Wars Sequel Trilogy,F/M,25865
2021,Chat Noir/Marinette Dupain-Cheng,Miraculous Ladybug,F/M,25668
2021,Katsuki Yuuri/Victor Nikiforov,Yuri!!! on Ice (Anime),M/M,25647
2021,Bakugou Katsuki/Midoriya Izuku,Boku no Hero Academia,M/M,25351
2021,Sirius Black/Remus Lupin,Harry Potter,M/M,24891
2021,Lan Wangji/Wei Ying,Mo Dao Zu Shi,M/M,23826
2021,Bakugou Katsuki/Kirishima Eijirou,Boku no Hero Academia,M/M,22606
2021,Merlin/Arthur Pendragon (Merlin),Merlin (TV),M/M,22577
2021,Suga/Park Jimin,Bangtan Boys,M/M,22410
2021,Jeon Jungkook/Park Jimin,Bangtan Boys,M/M,22400
2021,Peter Parker & Tony Stark,Marvel Cinematic Universe,Gen,22165
2021,Will Graham/Hannibal Lecter,Hannibal (TV),M/M,21446
2021,Pepper Potts/Tony Stark,Marvel Cinematic Universe,F/M,19609
2021,RM/Kim Seokjin,Bangtan Boys,M/M,19256
2021,Midoriya Izuku/Todoroki Shouto,Boku no Hero Academia,M/M,18807
2021,Sherlock Holmes & John Watson,Sherlock (TV),Gen,18502
2021,Dan Howell/Phil Lester,Phandom/The Fantastic Foursome (YouTube RPF),M/M,17455
2021,Blaine Anderson/Kurt Hummel,Glee,M/M,17427
2021,Iwaizumi Hajime/Oikawa Tooru,Haikyuu!!,M/M,16456
2021,Kara Danvers/Lena Luthor,Supergirl (TV 2015),F/F,16227
2021,Erik Lehnsherr/Charles Xavier,X-Men (Alternate Timeline Movies),M/M,15634
2021,Levi Ackerman/Eren Yeager,Attack on Titan,M/M,15492
2021,James Potter/Lily Evans Potter,Harry Potter,F/M,15164
2021,Keith/Shiro (Voltron),Voltron: Legendary Defender,M/M,15162
2021,Hinata Shouyou/Kageyama Tobio,Haikyuu!!,M/M,15073
2021,J-Hope/Min Yoongi,Bangtan Boys,M/M,14892
2021,Hermione Granger/Ron Weasley,Harry Potter,F/M,14881
2021,Hermione Granger/Draco Malfoy,Harry Potter,F/M,14834
2021,Armitage Hux/Ben Solo,Star Wars Sequel Trilogy,M/M,14503
2021,Eddie Kaspbrak/Richie Tozier,IT,M/M,14105
2021,Bellamy Blake/Clarke Griffin,The 100 (TV),F/M,14092
2021,Geralt of Rivia/Jaskier,The Witcher (TV),M/M,13915
2021,Dream/GeorgeNotFound (Video Blogging RPF),Video Blogging RPF,M/M,13780
2021,Gabriel/Sam Winchester,Supernatural,M/M,13657
2021,Loki/Thor (Marvel),Thor (Movies),M/M,13642
2021,Jensen Ackles/Jared Padalecki,Supernatural RPF,M/M,13640
2021,Regina Mills/Emma Swan,Once Upon a Time (TV),F/F,13451
2021,James T. Kirk/Spock,Star Trek: Alternate Original Series (Movies),M/M,13316
2021,Ian Gallagher/Mickey Milkovich,Shameless (US),M/M,13094
2021,Harry Potter/Severus Snape,Harry Potter,M/M,13007
2021,Akaashi Keiji/Bokuto Koutarou,Haikyuu!!,M/M,12789
2021,Dazai Osamu/Nakahara Chuuya (Bungou Stray Dogs),Bungou Stray Dogs,M/M,12626
2021,Eraserhead/Yamada Hizashi,Boku no Hero Academia,M/M,12591
2021,Rodney McKay/John Sheppard,Stargate Atlantis,M/M,12518
2021,V/Park Jimin,Bangtan Boys,M/M,12489
2021,Clarke Griffin/Lexa,The 100 (TV),F/F,12449
2021,Harry Potter/Ginny Weasley,Harry Potter,F/M,12002
2021,Clint Barton/Natasha Romanov,The Avengers (Marvel Movies),F/M,11828
2021,Jeon Jungkook/Min Yoongi,Bangtan Boys,M/M,11576
2021,Oliver Queen/Felicity Smoak,Arrow (TV 2012),F/M,11487
2021,"Steve McGarrett/Danny ""Danno"" Williams",Hawaii Five-0 (2010),M/M,11461
2021,Enjolras/Grantaire (Les Miserables),Les Misérables,M/M,11292
2021,Dean Winchester & Sam Winchester,Supernatural,Gen,11170
2021,Killian Jones/Emma Swan,Once Upon a Time (TV),F/M,11000
2021,Clint Barton/Phil Coulson,The Avengers (Marvel Movies),M/M,10951
2021,Mycroft Holmes/Greg Lestrade,Sherlock (TV),M/M,10945
2021,Loki/Tony Stark,The Avengers (Marvel Movies),M/M,10842
2021,Jack Harkness/Ianto Jones,Torchwood,M/M,10827
2021,"James ""Bucky"" Barnes/Reader",Marvel Cinematic Universe,Other,10797
2021,Castiel & Dean Winchester,Supernatural,Gen,10733
2021,"James ""Bucky"" Barnes & Steve Rogers",Captain America (Movies),Gen,10634
2021,Bilbo Baggins/Thorin Oakenshield,The Hobbit,M/M,10518
2021,Fox Mulder/Dana Scully,The X-Files,F/M,10377
2021,Aziraphale & Crowley (Good Omens),Good Omens,Gen,10369
2021,Tenth Doctor/Rose Tyler,Doctor Who (2005),F/M,10253
2021,Frank Iero/Gerard Way,My Chemical Romance,M/M,10234
2021,Uchiha Sasuke/Uzumaki Naruto,Naruto,M/M,9578
2021,Bakugou Katsuki/Midoriya Izuku,Boku no Hero Academia,M/M,9370
2021,Zayn Malik/Liam Payne,One Direction (Band),M/M,9305
2021,Sherlock Holmes/Molly Hooper,Sherlock (TV),F/M,8976
2021,V/Min Yoongi,Bangtan Boys,M/M,8968
2021,"James ""Bucky"" Barnes/Tony Stark",Marvel Cinematic Universe,M/M,8767
2021,Sawamura Daichi/Sugawara Koushi,Haikyuu!!,M/M,8761
2021,Inquisitor/Cullen Rutherford,Dragon Age: Inquisition,Other,8594
2021,Jaime Lannister/Brienne of Tarth,Game of Thrones (TV),F/M,8484
2021,Byun Baekhyun/Park Chanyeol,EXO (Band),M/M,8408
2021,Adora/Catra (She-Ra),She-Ra and the Princesses of Power (2018),F/F,8347
2021,"Evan ""Buck"" Buckley/Eddie Diaz (9-1-1 TV)",9-1-1 (TV),M/M,8345
2021,Kozume Kenma/Kuroo Tetsurou,Haikyuu!!,M/M,8290
2021,Belle/Rumplestiltskin,Once Upon a Time (TV),F/M,8283
2021,Peter Hale/Stiles Stilinski,Teen Wolf (TV),M/M,8206
2021,Annabeth Chase/Percy Jackson,Percy Jackson and the Olympians - Rick Riordan,F/M,8205
2021,"James T. Kirk/Leonard ""Bones"" McCoy",Star Trek: Alternate Original Series (Movies),M/M,8161
2021,Dean Winchester/You,Supernatural,Other,8088
2021,Harry Potter/Tom Riddle,Harry Potter,M/M,8083
2021,Levi Ackerman/Erwin Smith,Attack on Titan,M/M,8065
2021,Tsukishima Kei/Yamaguchi Tadashi,Haikyuu!!,M/M,7968
2021,Poe Dameron/Finn,Star Wars Sequel Trilogy,M/M,7945
2022,Castiel/Dean Winchester,Supernatural (TV 2005),M/M,103225
2022,Sherlock Holmes/John Watson,Sherlock (TV),M/M,66436
2022,Derek Hale/Stiles Stilinski,Teen Wolf (TV),M/M,65528
2022,"James ""Bucky"" Barnes/Steve Rogers",Captain America (Movies),M/M,59640
2022,Draco Malfoy/Harry Potter,Harry Potter,M/M,56507
2022,Steve Rogers/Tony Stark,The Avengers (Marvel Movies),M/M,43436
2022,Aziraphale/Crowley (Good Omens),Good Omens,M/M,42066
2022,Harry Styles/Louis Tomlinson,One Direction (Band),M/M,37318
2022,Jeon Jungkook/Kim Taehyung,Bangtan Boys,M/M,32629
2022,Bakugou Katsuki/Midoriya Izuku,Boku no Hero Academia,M/M,32615
2022,Keith/Lance (Voltron),Voltron: Legendary Defender,M/M,32529
2022,Sirius Black/Remus Lupin,Harry Potter,M/M,32429
2022,Lan Wangji/Wei Ying,Mo Dao Zu Shi,M/M,31777
2022,Chat Noir/Marinette Dupain-Cheng,Miraculous Ladybug,F/M,31257
2022,Dean Winchester/Sam Winchester,Supernatural (TV 2005),M/M,30781
2022,Magnus Bane/Alec Lightwood,Shadowhunters (TV),M/M,29934
2022,Rey/Ben Solo,Star Wars Sequel Trilogy,F/M,27926
2022,Bakugou Katsuki/Kirishima Eijirou,Boku no Hero Academia,M/M,27490
2022,Katsuki Yuuri/Victor Nikiforov,Yuri!!! on Ice (Anime),M/M,26463
2022,Peter Parker & Tony Stark,Marvel Cinematic Universe,Gen,25763
2022,Merlin/Arthur Pendragon (Merlin),Merlin (TV),M/M,25746
2022,Jeon Jungkook/Park Jimin,Bangtan Boys,M/M,25270
2022,Suga/Park Jimin,Bangtan Boys,M/M,24665
2022,Will Graham/Hannibal Lecter,Hannibal (TV),M/M,23997
2022,Midoriya Izuku/Todoroki Shouto,Boku no Hero Academia,M/M,21582
2022,Pepper Potts/Tony Stark,Marvel Cinematic Universe,F/M,21230
2022,RM/Kim Seokjin,Bangtan Boys,M/M,20979
2022,Dream/GeorgeNotFound (Video Blogging RPF),Video Blogging RPF,M/M,20920
2022,Hermione Granger/Draco Malfoy,Harry Potter,F/M,20117
2022,James Potter/Lily Evans Potter,Harry Potter,F/M,19611
2022,Sherlock Holmes & John Watson,Sherlock (TV),Gen,19207
2022,Kara Danvers/Lena Luthor,Supergirl (TV 2015),F/F,19062
2022,Iwaizumi Hajime/Oikawa Tooru,Haikyuu!!,M/M,18685
2022,Geralt of Rivia/Jaskier,The Witcher (TV),M/M,18663
2022,Blaine Anderson/Kurt Hummel,Glee,M/M,17912
2022,Dazai Osamu/Nakahara Chuuya (Bungou Stray Dogs),Bungou Stray Dogs,M/M,17676
2022,Hermione Granger/Ron Weasley,Harry Potter,F/M,17325
2022,Eraserhead/Yamada Hizashi,Boku no Hero Academia,M/M,17318
2022,Hinata Shouyou/Kageyama Tobio,Haikyuu!!,M/M,17106
2022,Dan Howell/Phil Lester,Phandom/The Fantastic Foursome (YouTube RPF),M/M,17075
2022,Levi Ackerman/Eren Yeager,Attack on Titan,M/M,16780
2022,Erik Lehnsherr/Charles Xavier,X-Men (Alternate Timeline Movies),M/M,16413
2022,J-Hope/Min Yoongi,Bangtan Boys,M/M,16311
2022,Wilbur Soot & Technoblade & TommyInnit,Minecraft (Video Game),Gen,15929
2022,Keith/Shiro (Voltron),Voltron: Legendary Defender,M/M,15927
2022,Wilbur Soot & TommyInnit,Minecraft (Video Game),Gen,15564
2022,Armitage Hux/Ben Solo,Star Wars Sequel Trilogy,M/M,15349
2022,Akaashi Keiji/Bokuto Koutarou,Haikyuu!!,M/M,15199
2022,"Evan ""Buck"" Buckley/Eddie Diaz (9-1-1 TV)",9-1-1 (TV),M/M,14895
2022,Eddie Kaspbrak/Richie Tozier,IT,M/M,14836
2022,Regina Mills/Emma Swan,Once Upon a Time (TV),F/M,14536
2022,James T. Kirk/Spock,Star Trek: Alternate Original Series (Movies),M/M,14516
2022,Bellamy Blake/Clarke Griffin,The 100 (TV),F/M,14507
2022,Ian Gallagher/Mickey Milkovich,Shameless (US),M/M,14453
2022,Harry Potter/Severus Snape,Harry Potter,M/M,14446
2022,Loki/Thor (Marvel),Thor (Movies),M/M,14283
2022,Harry Potter/Ginny Weasley,Harry Potter,F/M,14206
2022,Jensen Ackles/Jared Padalecki,Supernatural (TV 2005) RPF,M/M,13983
2022,Gabriel/Sam Winchester,Supernatural (TV 2005),M/M,13943
2022,V/Park Jimin,Bangtan Boys,M/M,13918
2022,"James ""Bucky"" Barnes/Reader",Marvel Cinematic Universe,Other,13702
2022,Rodney McKay/John Sheppard,Stargate Atlantis,M/M,13416
2022,Jeon Jungkook/Min Yoongi,Bangtan Boys,M/M,13184
2022,Bakugou Katsuki/Midoriya Izuku,Boku no Hero Academia,M/M,13091
2022,Dean Winchester & Sam Winchester,Supernatural (TV 2005),Gen,13020
2022,Tubbo & TommyInnit,Minecraft (Video Game),M/M,12899
2022,Clarke Griffin/Lexa,The 100 (TV),F/F,12765
2022,Clint Barton/Natasha Romanov,The Avengers (Marvel Movies),F/M,12250
2022,Fox Mulder/Dana Scully,The X-Files,F/M,12076
2022,"Steve McGarrett/Danny ""Danno"" Williams",Hawaii Five-0 (2010),M/M,11915
2022,Mycroft Holmes/Greg Lestrade,Sherlock (TV),M/M,11889
2022,Enjolras/Grantaire (Les Miserables),Les Misérables,M/M,11803
2022,Aziraphale & Crowley (Good Omens),Good Omens,Gen,11799
2022,"James ""Bucky"" Barnes & Steve Rogers",Marvel Cinematic Universe,Gen,11700
2022,Jack Harkness/Ianto Jones,Torchwood,M/M,11673
2022,Loki/Tony Stark,The Avengers (Marvel Movies),M/M,11630
2022,Oliver Queen/Felicity Smoak,Arrow (TV 2012),F/M,11583
2022,Uchiha Sasuke/Uzumaki Naruto,Naruto,M/M,11501
2022,Killian Jones/Emma Swan,Once Upon a Time (TV),F/M,11438
2022,Castiel & Dean Winchester,Supernatural (TV 2005),Gen,11427
2022,Clint Barton/Phil Coulson,The Avengers (Marvel Movies),M/M,11283
2022,Bilbo Baggins/Thorin Oakenshield,The Hobbit,M/M,11143
2022,Frank Iero/Gerard Way,My Chemical Romance,M/M,10945
2022,Tenth Doctor/Rose Tyler,Doctor Who (2005),F/M,10753
2022,Levi Ackerman/Erwin Smith,Attack on Titan,M/M,10552
2022,Adora/Catra (She-Ra),She-Ra and the Princesses of Power (2018),F/F,10063
2022,Kozume Kenma/Kuroo Tetsurou,Haikyuu!!,M/M,9933
2022,Annabeth Chase/Percy Jackson,Percy Jackson and the Olympians - Rick Riordan,F/M,9922
2022,Technoblade & TommyInnit (Video Blogging RPF),Minecraft (Video Game),Gen,9901
2022,Harry Potter/Tom Riddle,Harry Potter,M/M,9800
2022,Miya Atsumu/Sakusa Kiyoomi,Haikyuu!!,M/M,9783
2022,V/Min Yoongi,Bangtan Boys,M/M,9691
2022,"James ""Bucky"" Barnes/Tony Stark",Marvel Cinematic Universe,M/M,9668
2022,Childe/Zhongli (Genshin Impact),Genshin Impact (Video Game),M/M,9641
2022,Sawamura Daichi/Sugawara Koushi,Haikyuu!!,M/M,9633
2022,Zayn Malik/Liam Payne,One Direction (Band),M/M,9493
2022,Peter Hale/Stiles Stilinski,Teen Wolf (TV),M/M,9339
2022,Sherlock Holmes/Molly Hooper,Sherlock (TV),F/M,9337
2022,Byun Baekhyun/Park Chanyeol,EXO (Band),M/M,9329
2022,Bakugou Katsuki/Todoroki Shouto,Boku no Hero Academia,M/M,9289
2023,Castiel/Dean Winchester,Supernatural (TV 2005),M/M,102783
2023,Sherlock Holmes/John Watson,Sherlock (TV),M/M,63386
2023,Derek Hale/Stiles Stilinski,Teen Wolf (TV),M/M,63333
2023,Draco Malfoy/Harry Potter,Harry Potter,M/M,59048
2023,"James ""Bucky"" Barnes/Steve Rogers",Captain America (Movies),M/M,58160
2023,Aziraphale/Crowley (Good Omens),Good Omens,Other,45362
2023,Steve Rogers/Tony Stark,The Avengers (Marvel Movies),M/M,42239
2023,Sirius Black/Remus Lupin,Harry Potter,M/M,40881
2023,Harry Styles/Louis Tomlinson,One Direction (Band),M/M,39028
2023,Bakugou Katsuki/Midoriya Izuku,Boku no Hero Academia,M/M,38415
2023,Jeon Jungkook/Kim Taehyung | V,Bangtan Boys,M/M,35024
2023,Lan Wangji/Wei Ying,Mo Dao Zu Shi,M/M,34632
2023,Adrien Agreste | Chat Noir/Marinette Dupain-Cheng | Ladybug,Miraculous Ladybug,F/M,33169
2023,Keith/Lance (Voltron),Voltron: Legendary Defender,M/M,32035
2023,Dean Winchester/Sam Winchester,Supernatural (TV 2005),M/M,30257
2023,Magnus Bane/Alec Lightwood,Shadowhunters (TV),M/M,29501
2023,Bakugou Katsuki/Kirishima Eijirou,Boku no Hero Academia,M/M,29316
2023,Merlin/Arthur Pendragon (Merlin),Merlin (TV),M/M,27082
2023,Peter Parker & Tony Stark,Marvel Cinematic Universe,Gen,26868
2023,Jeon Jungkook/Park Jimin,Bangtan Boys,M/M,26552
2023,Rey/Ben Solo | Kylo Ren,Star Wars Sequel Trilogy,F/M,26363
2023,Min Yoongi | Suga/Park Jimin,Bangtan Boys,M/M,26124
2023,Will Graham/Hannibal Lecter,Hannibal (TV),M/M,25643
2023,Katsuki Yuuri/Victor Nikiforov,Yuri!!! on Ice (Anime),M/M,25253
2023,Hermione Granger/Draco Malfoy,Harry Potter,F/M,24827
2023,Dazai Osamu/Nakahara Chuuya (Bungou Stray Dogs),Bungou Stray Dogs,M/M,24005
2023,Clay | Dream/GeorgeNotFound (Video Blogging RPF),Video Blogging RPF,M/M,22989
2023,James Potter/Lily Evans Potter,Harry Potter,F/M,22759
2023,Midoriya Izuku/Todoroki Shouto,Boku no Hero Academia,M/M,22486
2023,Kim Namjoon | RM/Kim Seokjin | Jin,Bangtan Boys,M/M,21567
2023,Pepper Potts/Tony Stark,Marvel Cinematic Universe,F/M,21033
2023,Wilbur Soot & TommyInnit,Minecraft (Video Game),Gen,20602
2023,Aizawa Shouta | Eraserhead/Yamada Hizashi | Present Mic,Boku no Hero Academia,M/M,20070
2023,Wilbur Soot & Technoblade & TommyInnit & Phil Watson,Minecraft (Video Game),Gen,19889
2023,Steve Harrington/Eddie Munson,Stranger Things (TV 2016),M/M,19870
2023,Kara Danvers/Lena Luthor,Supergirl (TV 2015),F/F,19455
2023,Iwaizumi Hajime/Oikawa Tooru,Haikyuu!!,M/M,19147
2023,Geralt z Rivii | Geralt of Rivia/Jaskier | Dandelion,The Witcher (TV),M/M,18753
2023,Hermione Granger/Ron Weasley,Harry Potter,F/M,18730
2023,Sherlock Holmes & John Watson,Sherlock (TV),Gen,18470
2023,Hinata Shouyou/Kageyama Tobio,Haikyuu!!,M/M,17813
2023,"Evan ""Buck"" Buckley/Eddie Diaz (9-1-1 TV)",9-1-1 (TV),M/M,17540
2023,Levi Ackerman/Eren Yeager,Shingeki no Kyojin | Attack on Titan,M/M,17017
2023,Blaine Anderson/Kurt Hummel,Glee,M/M,16891
2023,Jung Hoseok | J-Hope/Min Yoongi | Suga,Bangtan Boys,M/M,16614
2023,Dan Howell/Phil Lester,Phandom/The Fantastic Foursome (YouTube RPF),M/M,16511
2023,James T. Kirk/Spock,Star Trek: Alternate Original Series (Movies),M/M,16286
2023,Erik Lehnsherr/Charles Xavier,X-Men (Alternate Timeline Movies),M/M,16193
2023,Akaashi Keiji/Bokuto Koutarou,Haikyuu!!,M/M,15936
2023,Bakugou Katsuki & Midoriya Izuku,Boku no Hero Academia,Gen,15709
2023,Harry Potter/Ginny Weasley,Harry Potter,F/M,15635
2023,Harry Potter/Severus Snape,Harry Potter,M/M,15340
2023,Ian Gallagher/Mickey Milkovich,Shameless (US),M/M,15154
2023,Eddie Kaspbrak/Richie Tozier,IT,M/M,14803
2023,Keith/Shiro (Voltron),Voltron: Legendary Defender,M/M,14793
2023,Evil Queen | Regina Mills/Emma Swan,Once Upon a Time (TV),F/F,14632
2023,Toby Smith | Tubbo & TommyInnit,Minecraft (Video Game),Gen,14609
2023,Armitage Hux/Ben Solo | Kylo Ren,Star Wars Sequel Trilogy,M/M,14292
2023,Bellamy Blake/Clarke Griffin,The 100 (TV),F/M,14079
2023,Kim Taehyung | V/Park Jimin,Bangtan Boys,M/M,13885
2023,"James ""Bucky"" Barnes/Reader",Marvel Cinematic Universe,Other,13815
2023,Dean Winchester & Sam Winchester,Supernatural (TV 2005),Gen,13771
2023,Blackbeard | Edward Teach/Stede Bonnet,Our Flag Means Death (TV),M/M,13595
2023,Jensen Ackles/Jared Padalecki,Supernatural (TV 2005) RPF,M/M,13570
2023,Loki/Thor (Marvel),Thor (Movies),M/M,13563
2023,Gabriel/Sam Winchester,Supernatural (TV 2005),M/M,13412
2023,Jeon Jungkook/Min Yoongi | Suga,Bangtan Boys,M/M,13388
2023,Fox Mulder/Dana Scully,The X-Files,F/M,13204
2023,Uchiha Sasuke/Uzumaki Naruto,Naruto,M/M,13062
2023,Rodney McKay/John Sheppard,Stargate Atlantis,M/M,13004
2023,Aziraphale & Crowley (Good Omens),Good Omens,Gen,12790
2023,Tartaglia | Childe/Zhongli (Genshin Impact),Genshin Impact (Video Game),M/M,12678
2023,Clarke Griffin/Lexa,The 100 (TV),F/F,12568
2023,Technoblade & TommyInnit (Video Blogging RPF),Minecraft (Video Game),Gen,12452
2023,Levi Ackerman/Erwin Smith,Shingeki no Kyojin | Attack on Titan,M/M,11980
2023,Mycroft Holmes/Greg Lestrade,Sherlock (TV),M/M,11919
2023,Jack Harkness/Ianto Jones,Torchwood,M/M,11916
2023,Frank Iero/Gerard Way,My Chemical Romance,M/M,11872
2023,Han Jisung | Han/Lee Minho | Lee Know,Stray Kids (Band),M/M,11772
2023,Loki/Tony Stark,The Avengers (Marvel Movies),M/M,11642
2023,Enjolras/Grantaire (Les Miserables),Les Misérables,M/M,11462
2023,"James ""Bucky"" Barnes & Steve Rogers",Marvel Cinematic Universe,Gen,11294
2023,Castiel & Dean Winchester,Supernatural (TV 2005),Gen,11278
2023,Miya Atsumu/Sakusa Kiyoomi,Haikyuu!!,M/M,11253
2023,"Steve McGarrett/Danny ""Danno"" Williams",Hawaii Five-0 (2010),M/M,11249
2023,Aizawa Shouta | Eraserhead & Midoriya Izuku,Boku no Hero Academia,Gen,11220
2023,Clint Barton/Natasha Romanov,The Avengers (Marvel Movies),F/M,11165
2023,Annabeth Chase/Percy Jackson,Percy Jackson and the Olympians - Rick Riordan,F/M,11151
2023,Oliver Queen/Felicity Smoak,Arrow (TV 2012),F/M,11055
2023,Bilbo Baggins/Thorin Oakenshield,The Hobbit,M/M,10997
2023,Clint Barton/Phil Coulson,The Avengers (Marvel Movies),M/M,10899
2023,Harry Potter/Tom Riddle | Voldemort,Harry Potter,M/M,10889
2023,Captain Hook | Killian Jones/Emma Swan,Once Upon a Time (TV),F/M,10883
2023,Bakugou Katsuki/Todoroki Shouto,Boku no Hero Academia,M/M,10774
2023,Amity Blight/Luz Noceda,The Owl House (Cartoon),F/F,10722
2023,Adora/Catra (She-Ra),She-Ra and the Princesses of Power (2018),F/F,10525
2023,Tenth Doctor/Rose Tyler,Doctor Who (2005),F/M,10493
2023,Dabi | Todoroki Touya/Takami Keigo | Hawks,Boku no Hero Academia,M/M,10449
2023,Kozume Kenma/Kuroo Tetsurou,Haikyuu!!,M/M,10405
2023,Ranboo & Toby Smith | Tubbo,Minecraft (Video Game),Gen,10303
2024,Castiel/Dean Winchester,Supernatural (TV 2005),M/M,105322
2024,Draco Malfoy/Harry Potter,Harry Potter,M/M,64693
2024,Sherlock Holmes/John Watson,Sherlock (TV),M/M,63810
2024,Derek Hale/Stiles Stilinski,Teen Wolf (TV),M/M,63483
2024,Aziraphale/Crowley (Good Omens),Good Omens,Other,59647
2024,"James ""Bucky"" Barnes/Steve Rogers",Captain America (Movies),M/M,58522
2024,Sirius Black/Remus Lupin,Harry Potter,M/M,50356
2024,Bakugou Katsuki/Midoriya Izuku,Boku no Hero Academia,M/M,43102
2024,Steve Rogers/Tony Stark,The Avengers (Marvel Movies),M/M,42116
2024,Harry Styles/Louis Tomlinson,One Direction (Band),M/M,40111
2024,Lan Wangji/Wei Ying,Mo Dao Zu Shi,M/M,37658
2024,Jeon Jungkook/Kim Taehyung | V,Bangtan Boys,M/M,37354
2024,Adrien Agreste | Chat Noir/Marinette Dupain-Cheng | Ladybug,Miraculous Ladybug,F/M,35111
2024,Dazai Osamu/Nakahara Chuuya (Bungou Stray Dogs),Bungou Stray Dogs,M/M,32770
2024,Keith/Lance (Voltron),Voltron: Legendary Defender,M/M,32765
2024,Dean Winchester/Sam Winchester,Supernatural (TV 2005),M/M,31022
2024,Bakugou Katsuki/Kirishima Eijirou,Boku no Hero Academia,M/M,30272
2024,Magnus Bane/Alec Lightwood,Shadowhunters (TV),M/M,29458
2024,Hermione Granger/Draco Malfoy,Harry Potter,F/M,29031
2024,Peter Parker & Tony Stark,Marvel Cinematic Universe,Gen,28996
2024,Merlin/Arthur Pendragon (Merlin),Merlin (TV),M/M,28772
2024,Will Graham/Hannibal Lecter,Hannibal (TV),M/M,28318
2024,Jeon Jungkook/Park Jimin,Bangtan Boys,M/M,28185
2024,Min Yoongi | Suga/Park Jimin,Bangtan Boys,M/M,27462
2024,Rey/Ben Solo | Kylo Ren,Star Wars Sequel Trilogy,F/M,26940
2024,James Potter/Lily Evans Potter,Harry Potter,F/M,26767
2024,Steve Harrington/Eddie Munson,Stranger Things (TV 2016),M/M,25409
2024,Katsuki Yuuri/Victor Nikiforov,Yuri!!! on Ice (Anime),M/M,24741
2024,"Evan ""Buck"" Buckley/Eddie Diaz (9-1-1 TV)",9-1-1 (TV),M/M,24057
2024,Midoriya Izuku/Todoroki Shouto,Boku no Hero Academia,M/M,23150
2024,Aizawa Shouta | Eraserhead/Yamada Hizashi | Present Mic,Boku no Hero Academia,M/M,22622
2024,Kim Namjoon | RM/Kim Seokjin | Jin,Bangtan Boys,M/M,22484
2024,Clay | Dream/GeorgeNotFound (Video Blogging RPF),Video Blogging RPF,M/M,21836
2024,Pepper Potts/Tony Stark,Marvel Cinematic Universe,F/M,21526
2024,Hermione Granger/Ron Weasley,Harry Potter,F/M,20899
2024,Wilbur Soot & TommyInnit,Minecraft (Video Game),Gen,20717
2024,Kara Danvers/Lena Luthor,Supergirl (TV 2015),F/F,20322
2024,Wilbur Soot & Technoblade & TommyInnit & Phil Watson | Philza,Minecraft (Video Game),Gen,19940
2024,Iwaizumi Hajime/Oikawa Tooru,Haikyuu!!,M/M,19843
2024,Geralt z Rivii | Geralt of Rivia/Jaskier | Dandelion,The Witcher (TV),M/M,19107
2024,Hinata Shouyou/Kageyama Tobio,Haikyuu!!,M/M,18833
2024,Sherlock Holmes & John Watson,Sherlock (TV),Gen,18833
2024,Blackbeard | Edward Teach/Stede Bonnet,Our Flag Means Death (TV),M/M,18083
2024,James T. Kirk/Spock,Star Trek: Alternate Original Series (Movies),M/M,18008
2024,Bakugou Katsuki & Midoriya Izuku,Boku no Hero Academia,Gen,17971
2024,Harry Potter/Ginny Weasley,Harry Potter,F/M,17444
2024,Levi Ackerman/Eren Yeager,Shingeki no Kyojin | Attack on Titan,M/M,17420
2024,Aziraphale & Crowley (Good Omens),Good Omens,Gen,17386
2024,J-Hope/Min Yoongi,Bangtan Boys,M/M,17026
2024,Akaashi Keiji/Bokuto Koutarou,Haikyuu!!,M/M,16942
2024,Blaine Anderson/Kurt Hummel,Glee,M/M,16909
2024,Dan Howell/Phil Lester,Phandom/The Fantastic Foursome (YouTube RPF),M/M,16746
2024,Erik Lehnsherr/Charles Xavier,X-Men (Alternate Timeline Movies),M/M,16595
2024,Harry Potter/Severus Snape,Harry Potter,M/M,16426
2024,Han/Lee Minho,Stray Kids (Band),M/M,16402
2024,Ian Gallagher/Mickey Milkovich,Shameless (US),M/M,16004
2024,Regulus Black/James Potter,Harry Potter,M/M,15556
2024,Getou Suguru/Gojo Satoru,Jujutsu Kaisen (Manga),M/M,15322
2024,Dean Winchester & Sam Winchester,Supernatural (TV 2005),Gen,15046
2024,Eddie Kaspbrak/Richie Tozier,IT,M/M,14996
2024,Uchiha Sasuke/Uzumaki Naruto,Naruto (Anime & Manga),M/M,14840
2024,Evil Queen | Regina Mills/Emma Swan,Once Upon a Time (TV),F/F,14808
2024,Toby Smith | Tubbo & TommyInnit,Minecraft (Video Game),Gen,14752
2024,Tartaglia | Childe/Zhongli (Genshin Impact),Genshin Impact (Video Game),M/M,14702
2024,Armitage Hux/Ben Solo | Kylo Ren,Star Wars Sequel Trilogy,M/M,14559
2024,Keith/Shiro (Voltron),Voltron: Legendary Defender,M/M,14535
2024,Kim Taehyung | V/Park Jimin,Bangtan Boys,M/M,14493
2024,"James ""Bucky"" Barnes/Reader",Marvel Cinematic Universe,Other,14406
2024,Fox Mulder/Dana Scully,The X-Files,F/M,14215
2024,Annabeth Chase/Percy Jackson,Percy Jackson and the Olympians - Rick Riordan,F/M,14210
2024,Jeon Jungkook/Min Yoongi | Suga,Bangtan Boys,M/M,14055
2024,Bellamy Blake/Clarke Griffin,The 100 (TV),F/M,13863
2024,Loki/Thor (Marvel),Thor (Movies),M/M,13469
2024,Jensen Ackles/Jared Padalecki,Supernatural (TV 2005) RPF,M/M,13453
2024,Gabriel/Sam Winchester,Supernatural (TV 2005),M/M,13406
2024,Rodney McKay/John Sheppard,Stargate Atlantis,M/M,13254
2024,Technoblade & TommyInnit (Video Blogging RPF),Minecraft (Video Game),Gen,13056
2024,Aizawa Shouta | Eraserhead & Midoriya Izuku,Boku no Hero Academia,Gen,12989
2024,Levi Ackerman/Erwin Smith,Shingeki no Kyojin | Attack on Titan,M/M,12968
2024,Harry Potter/Tom Riddle | Voldemort,Harry Potter,M/M,12783
2024,Amity Blight/Luz Noceda,The Owl House (Cartoon),F/F,12404
2024,Nico di Angelo/Will Solace,Percy Jackson and the Olympians - Rick Riordan,M/M,12388
2024,Miya Atsumu/Sakusa Kiyoomi,Haikyuu!!,M/M,12358
2024,Jack Harkness/Ianto Jones,Torchwood,M/M,12280
2024,Frank Iero/Gerard Way,My Chemical Romance,M/M,12257
2024,Mycroft Holmes/Greg Lestrade,Sherlock (TV),M/M,12253
2024,Clarke Griffin/Lexa,The 100 (TV),F/F,12179
2024,Alhaitham/Kaveh (Genshin Impact),Genshin Impact (Video Game),M/M,11947
2024,Loki/Tony Stark,The Avengers (Marvel Movies),M/M,11793
2024,Bakugou Katsuki/Todoroki Shouto,Boku no Hero Academia,M/M,11691
2024,Dabi | Todoroki Touya/Takami Keigo | Hawks,Boku no Hero Academia,M/M,11685
2024,Enjolras/Grantaire (Les Miserables),Les Misérables,M/M,11611
2024,Roronoa Zoro/Sanji,One Piece (Anime & Manga),M/M,11572
2024,"James ""Bucky"" Barnes & Steve Rogers",Marvel Cinematic Universe,Gen,11540
2024,Castiel & Dean Winchester,Supernatural (TV 2005),Gen,11487
2024,Bilbo Baggins/Thorin Oakenshield,The Hobbit,M/M,11479
2024,"Steve McGarrett/Danny ""Danno"" Williams",Hawaii Five-0 (2010),M/M,11462
2024,Adora/Catra (She-Ra),She-Ra and the Princesses of Power (2018),F/F,11366
2024,Clint Barton/Natasha Romanov,The Avengers (Marvel Movies),F/M,11260
2024,Neil Josten/Andrew Minyard,All For The Game - Nora Sakavic,M/M,11221
